operator_id,machine_id,product_id,units_produced,defects,downtime_minutes,timestamp,good_units,availability,quality,oee
9201,MACH-16,SKU-015,484,289,134,2026-01-06,195,0.72,0.4,0.29
4202,MACH-83,SKU-873,335,109,155,2026-02-24,226,0.68,0.67,0.46
5340,MACH-47,SKU-472,327,203,250,2026-02-22,124,0.48,0.38,0.18
7585,MACH-84,SKU-322,544,137,455,2026-01-02,407,0.05,0.75,0.04
6902,MACH-65,SKU-312,516,475,292,2026-01-24,41,0.39,0.08,0.03
7423,MACH-82,SKU-999,424,382,459,2026-01-07,42,0.04,0.1,0.0
9901,MACH-05,SKU-558,481,443,446,2026-02-11,38,0.07,0.08,0.01
5394,MACH-81,SKU-030,60,20,52,2026-02-27,40,0.89,0.67,0.6
3053,MACH-71,SKU-139,186,37,127,2026-02-25,149,0.74,0.8,0.59
8779,MACH-08,SKU-705,421,248,77,2026-02-22,173,0.84,0.41,0.34
9070,MACH-85,SKU-724,529,423,57,2026-02-04,106,0.88,0.2,0.18
6611,MACH-13,SKU-731,219,125,237,2026-01-23,94,0.51,0.43,0.22
4313,MACH-49,SKU-501,81,27,406,2026-01-09,54,0.15,0.67,0.1
2458,MACH-88,SKU-565,90,71,437,2026-01-25,19,0.09,0.21,0.02
1532,MACH-53,SKU-881,460,338,205,2026-02-01,122,0.57,0.27,0.15
7354,MACH-60,SKU-564,316,123,305,2026-02-16,193,0.36,0.61,0.22
3175,MACH-33,SKU-864,389,102,77,2026-02-13,287,0.84,0.74,0.62
4696,MACH-53,SKU-501,87,32,50,2026-01-15,55,0.9,0.63,0.57
3330,MACH-06,SKU-159,18,18,467,2026-01-16,0,0.03,0.0,0.0
7717,MACH-72,SKU-656,107,8,311,2026-01-20,99,0.35,0.93,0.33
3572,MACH-53,SKU-724,478,129,278,2026-01-25,349,0.42,0.73,0.31
9977,MACH-80,SKU-299,445,365,293,2026-01-25,80,0.39,0.18,0.07
7313,MACH-91,SKU-256,532,276,169,2026-01-19,256,0.65,0.48,0.31
4134,MACH-35,SKU-948,65,36,156,2026-02-04,29,0.68,0.45,0.31
2215,MACH-04,SKU-806,538,489,193,2026-01-31,49,0.6,0.09,0.05
3312,MACH-33,SKU-453,266,261,310,2026-02-25,5,0.35,0.02,0.01
3743,MACH-75,SKU-132,225,55,139,2026-01-28,170,0.71,0.76,0.54
2109,MACH-50,SKU-063,296,241,132,2026-02-19,55,0.72,0.19,0.14
1069,MACH-78,SKU-942,71,0,195,2026-02-28,71,0.59,1.0,0.59
7259,MACH-28,SKU-267,57,25,245,2026-02-04,32,0.49,0.56,0.27
6220,MACH-11,SKU-954,407,229,131,2026-02-12,178,0.73,0.44,0.32
1238,MACH-39,SKU-793,548,445,164,2026-02-19,103,0.66,0.19,0.13
1866,MACH-23,SKU-486,435,349,59,2026-02-18,86,0.88,0.2,0.18
3163,MACH-86,SKU-733,327,195,195,2026-02-19,132,0.59,0.4,0.24
8798,MACH-91,SKU-207,217,74,390,2026-02-01,143,0.19,0.66,0.13
8694,MACH-64,SKU-291,413,402,436,2026-02-08,11,0.09,0.03,0.0
8139,MACH-25,SKU-940,525,304,229,2026-02-02,221,0.52,0.42,0.22
9682,MACH-67,SKU-994,389,299,201,2026-02-23,90,0.58,0.23,0.13
6511,MACH-99,SKU-113,19,14,53,2026-03-01,5,0.89,0.26,0.23
7605,MACH-01,SKU-284,149,123,200,2026-01-31,26,0.58,0.17,0.1
9030,MACH-46,SKU-989,132,51,34,2026-01-07,81,0.93,0.61,0.57
9234,MACH-82,SKU-074,159,63,34,2026-02-26,96,0.93,0.6,0.56
3197,MACH-12,SKU-312,128,68,58,2026-02-05,60,0.88,0.47,0.41
3366,MACH-31,SKU-585,251,62,51,2026-01-01,189,0.89,0.75,0.67
2991,MACH-92,SKU-044,530,311,124,2026-01-11,219,0.74,0.41,0.3
3180,MACH-22,SKU-704,6,6,267,2026-02-06,0,0.44,0.0,0.0
7046,MACH-36,SKU-977,123,26,107,2026-02-12,97,0.78,0.79,0.62
2197,MACH-28,SKU-296,467,3,263,2026-01-22,464,0.45,0.99,0.45
7268,MACH-10,SKU-879,185,185,150,2026-02-27,0,0.69,0.0,0.0
2093,MACH-41,SKU-942,240,204,349,2026-02-10,36,0.27,0.15,0.04
4258,MACH-70,SKU-548,522,346,450,2026-01-06,176,0.06,0.34,0.02
2522,MACH-25,SKU-393,477,310,460,2026-02-02,167,0.04,0.35,0.01
2614,MACH-36,SKU-241,21,6,335,2026-01-24,15,0.3,0.71,0.21
7560,MACH-01,SKU-707,387,301,153,2026-03-01,86,0.68,0.22,0.15
3935,MACH-30,SKU-402,490,332,324,2026-01-03,158,0.32,0.32,0.1
6468,MACH-85,SKU-122,559,314,10,2026-01-12,245,0.98,0.44,0.43
6920,MACH-72,SKU-670,377,203,404,2026-01-08,174,0.16,0.46,0.07
2001,MACH-23,SKU-905,185,38,91,2026-02-28,147,0.81,0.79,0.64
7721,MACH-35,SKU-325,7,0,421,2026-02-11,7,0.12,1.0,0.12
1796,MACH-26,SKU-762,506,238,282,2026-02-12,268,0.41,0.53,0.22
9675,MACH-51,SKU-268,16,0,86,2026-02-18,16,0.82,1.0,0.82
9238,MACH-41,SKU-353,328,246,217,2026-01-06,82,0.55,0.25,0.14
2104,MACH-24,SKU-481,186,54,332,2026-01-10,132,0.31,0.71,0.22
9479,MACH-49,SKU-264,254,86,191,2026-02-24,168,0.6,0.66,0.4
4135,MACH-88,SKU-630,347,49,125,2026-01-11,298,0.74,0.86,0.64
6196,MACH-97,SKU-294,162,41,180,2026-01-15,121,0.62,0.75,0.46
7858,MACH-64,SKU-809,436,98,457,2026-02-09,338,0.05,0.78,0.04
5764,MACH-76,SKU-595,511,226,89,2026-01-21,285,0.81,0.56,0.45
6563,MACH-52,SKU-186,291,289,137,2026-01-25,2,0.71,0.01,0.01
9657,MACH-48,SKU-152,320,35,151,2026-01-03,285,0.69,0.89,0.61
7091,MACH-44,SKU-289,405,398,474,2026-02-13,7,0.01,0.02,0.0
7713,MACH-09,SKU-446,397,126,122,2026-01-03,271,0.75,0.68,0.51
7971,MACH-95,SKU-984,508,393,217,2026-01-02,115,0.55,0.23,0.13
7841,MACH-12,SKU-825,413,308,281,2026-02-14,105,0.41,0.25,0.1
3630,MACH-59,SKU-146,6,6,189,2026-02-03,0,0.61,0.0,0.0
7441,MACH-08,SKU-444,355,353,345,2026-01-27,2,0.28,0.01,0.0
4213,MACH-37,SKU-246,272,14,4,2026-01-09,258,0.99,0.95,0.94
8767,MACH-51,SKU-395,255,178,100,2026-01-03,77,0.79,0.3,0.24
5338,MACH-63,SKU-867,523,489,469,2026-01-04,34,0.02,0.07,0.0
1376,MACH-14,SKU-319,242,147,444,2026-02-19,95,0.08,0.39,0.03
5995,MACH-54,SKU-537,340,225,247,2026-02-17,115,0.49,0.34,0.17
2328,MACH-18,SKU-004,477,46,320,2026-02-20,431,0.33,0.9,0.3
9732,MACH-52,SKU-146,134,77,435,2026-02-12,57,0.09,0.43,0.04
6443,MACH-19,SKU-767,98,31,213,2026-02-23,67,0.56,0.68,0.38
6029,MACH-76,SKU-862,85,85,342,2026-02-18,0,0.29,0.0,0.0
7225,MACH-67,SKU-490,362,54,238,2026-01-30,308,0.5,0.85,0.42
9337,MACH-89,SKU-791,465,184,285,2026-02-01,281,0.41,0.6,0.25
3085,MACH-39,SKU-710,97,75,419,2026-01-01,22,0.13,0.23,0.03
5181,MACH-25,SKU-985,333,53,365,2026-02-02,280,0.24,0.84,0.2
2155,MACH-53,SKU-925,47,5,225,2026-02-04,42,0.53,0.89,0.47
4255,MACH-27,SKU-462,494,201,111,2026-01-29,293,0.77,0.59,0.45
2585,MACH-47,SKU-584,389,15,161,2026-02-14,374,0.66,0.96,0.63
9970,MACH-28,SKU-154,318,201,36,2026-01-13,117,0.92,0.37,0.34
5028,MACH-63,SKU-660,342,245,465,2026-02-04,97,0.03,0.28,0.01
5149,MACH-10,SKU-663,551,53,258,2026-01-10,498,0.46,0.9,0.41
5154,MACH-47,SKU-674,235,180,281,2026-03-02,55,0.41,0.23,0.09
4220,MACH-06,SKU-144,176,82,189,2026-02-10,94,0.61,0.53,0.32
6315,MACH-90,SKU-617,406,295,446,2026-01-18,111,0.07,0.27,0.02
4267,MACH-26,SKU-109,206,66,19,2026-01-22,140,0.96,0.68,0.65
6253,MACH-34,SKU-696,338,136,317,2026-01-23,202,0.34,0.6,0.2
9244,MACH-71,SKU-019,557,9,203,2026-01-19,548,0.58,0.98,0.57
7648,MACH-97,SKU-942,160,30,63,2026-02-01,130,0.87,0.81,0.7
4102,MACH-39,SKU-317,63,40,200,2026-01-18,23,0.58,0.37,0.21
3793,MACH-02,SKU-095,493,287,275,2026-01-14,206,0.43,0.42,0.18
4471,MACH-12,SKU-555,504,383,270,2026-02-08,121,0.44,0.24,0.11
5304,MACH-21,SKU-792,12,10,278,2026-03-03,2,0.42,0.17,0.07
3632,MACH-32,SKU-538,520,116,118,2026-02-19,404,0.75,0.78,0.58
1770,MACH-70,SKU-307,455,298,271,2026-02-15,157,0.44,0.35,0.15
6458,MACH-09,SKU-809,417,356,20,2026-01-29,61,0.96,0.15,0.14
2497,MACH-07,SKU-521,492,474,146,2026-02-22,18,0.7,0.04,0.03
9902,MACH-17,SKU-157,195,11,419,2026-01-22,184,0.13,0.94,0.12
2424,MACH-45,SKU-824,486,27,292,2026-01-25,459,0.39,0.94,0.37
1544,MACH-67,SKU-572,334,35,97,2026-02-26,299,0.8,0.9,0.72
3932,MACH-32,SKU-664,119,81,211,2026-01-14,38,0.56,0.32,0.18
9799,MACH-17,SKU-909,510,332,435,2026-02-12,178,0.09,0.35,0.03
8207,MACH-83,SKU-579,368,150,452,2026-02-21,218,0.06,0.59,0.04
3364,MACH-09,SKU-671,417,11,127,2026-01-04,406,0.74,0.97,0.72
5871,MACH-06,SKU-604,321,65,479,2026-03-02,256,0.0,0.8,0.0
5472,MACH-75,SKU-644,347,276,343,2026-02-11,71,0.29,0.2,0.06
2077,MACH-37,SKU-468,71,37,349,2026-02-02,34,0.27,0.48,0.13
5331,MACH-05,SKU-084,205,13,54,2026-02-15,192,0.89,0.94,0.84
7059,MACH-87,SKU-280,447,375,282,2026-02-03,72,0.41,0.16,0.07
1873,MACH-56,SKU-941,124,86,355,2026-01-07,38,0.26,0.31,0.08
8401,MACH-58,SKU-056,0,0,305,2026-02-03,0,0.36,0.0,0.0
5771,MACH-23,SKU-776,527,402,181,2026-02-09,125,0.62,0.24,0.15
3111,MACH-70,SKU-839,85,39,245,2026-01-23,46,0.49,0.54,0.26
1151,MACH-57,SKU-067,194,53,273,2026-02-15,141,0.43,0.73,0.31
8444,MACH-43,SKU-928,84,72,388,2026-01-11,12,0.19,0.14,0.03
6824,MACH-35,SKU-969,484,261,65,2026-01-26,223,0.86,0.46,0.4
4062,MACH-10,SKU-055,433,218,290,2026-01-13,215,0.4,0.5,0.2
5528,MACH-23,SKU-017,110,100,145,2026-02-10,10,0.7,0.09,0.06
4360,MACH-54,SKU-559,526,404,475,2026-01-16,122,0.01,0.23,0.0
4903,MACH-61,SKU-285,452,380,266,2026-02-02,72,0.45,0.16,0.07
3951,MACH-18,SKU-739,422,220,218,2026-02-10,202,0.55,0.48,0.26
7426,MACH-20,SKU-499,265,9,28,2026-01-29,256,0.94,0.97,0.91
8271,MACH-82,SKU-068,90,68,76,2026-01-29,22,0.84,0.24,0.2
9994,MACH-00,SKU-763,446,443,232,2026-01-17,3,0.52,0.01,0.01
8175,MACH-28,SKU-676,94,28,118,2026-03-02,66,0.75,0.7,0.52
1211,MACH-46,SKU-587,110,21,438,2026-01-09,89,0.09,0.81,0.07
4065,MACH-96,SKU-784,324,66,422,2026-03-03,258,0.12,0.8,0.1
7786,MACH-79,SKU-338,491,354,59,2026-01-11,137,0.88,0.28,0.25
4971,MACH-02,SKU-005,156,57,187,2026-01-31,99,0.61,0.63,0.38
9499,MACH-90,SKU-201,556,507,108,2026-02-27,49,0.78,0.09,0.07
1324,MACH-08,SKU-294,317,30,266,2026-01-14,287,0.45,0.91,0.41
1286,MACH-95,SKU-807,99,11,109,2026-01-14,88,0.77,0.89,0.69
2208,MACH-89,SKU-102,338,161,177,2026-01-05,177,0.63,0.52,0.33
7403,MACH-40,SKU-953,327,24,161,2026-02-06,303,0.66,0.93,0.61
3820,MACH-46,SKU-521,453,9,24,2026-01-23,444,0.95,0.98,0.93
1246,MACH-04,SKU-025,116,44,472,2026-01-29,72,0.02,0.62,0.01
4813,MACH-77,SKU-974,76,37,163,2026-01-11,39,0.66,0.51,0.34
1938,MACH-33,SKU-321,213,186,467,2026-02-10,27,0.03,0.13,0.0
6194,MACH-44,SKU-229,478,160,24,2026-02-11,318,0.95,0.67,0.64
2357,MACH-56,SKU-999,171,162,15,2026-02-20,9,0.97,0.05,0.05
2878,MACH-26,SKU-756,503,210,96,2026-01-20,293,0.8,0.58,0.46
9209,MACH-87,SKU-400,105,77,156,2026-02-15,28,0.68,0.27,0.18
7516,MACH-33,SKU-404,329,112,410,2026-02-10,217,0.15,0.66,0.1
7376,MACH-64,SKU-133,476,261,443,2026-01-27,215,0.08,0.45,0.04
7678,MACH-52,SKU-062,441,284,265,2026-02-04,157,0.45,0.36,0.16
8427,MACH-95,SKU-919,88,31,106,2026-01-22,57,0.78,0.65,0.51
3568,MACH-15,SKU-866,123,34,139,2026-02-23,89,0.71,0.72,0.51
8596,MACH-76,SKU-459,68,21,267,2026-02-14,47,0.44,0.69,0.3
5010,MACH-05,SKU-087,359,18,363,2026-02-08,341,0.24,0.95,0.23
9199,MACH-64,SKU-894,290,154,273,2026-02-06,136,0.43,0.47,0.2
8558,MACH-41,SKU-433,24,9,250,2026-02-17,15,0.48,0.62,0.3
3439,MACH-38,SKU-571,43,15,106,2026-01-28,28,0.78,0.65,0.51
9588,MACH-81,SKU-620,185,75,296,2026-02-14,110,0.38,0.59,0.22
3809,MACH-04,SKU-864,535,190,189,2026-02-22,345,0.61,0.64,0.39
5439,MACH-45,SKU-161,274,118,146,2026-02-14,156,0.7,0.57,0.4
1425,MACH-39,SKU-568,160,57,66,2026-02-13,103,0.86,0.64,0.55
4767,MACH-78,SKU-325,342,169,151,2026-02-11,173,0.69,0.51,0.35
2968,MACH-24,SKU-498,339,84,364,2026-02-26,255,0.24,0.75,0.18
2054,MACH-02,SKU-926,532,114,200,2026-01-30,418,0.58,0.79,0.46
6787,MACH-24,SKU-059,229,138,54,2026-02-28,91,0.89,0.4,0.36
6709,MACH-48,SKU-773,484,263,130,2026-02-15,221,0.73,0.46,0.34
6214,MACH-89,SKU-956,441,423,248,2026-01-15,18,0.48,0.04,0.02
9897,MACH-39,SKU-660,224,20,306,2026-01-13,204,0.36,0.91,0.33
1946,MACH-19,SKU-856,429,177,81,2026-01-19,252,0.83,0.59,0.49
9249,MACH-09,SKU-238,178,82,181,2026-02-03,96,0.62,0.54,0.33
9194,MACH-85,SKU-642,253,190,277,2026-02-09,63,0.42,0.25,0.1
2643,MACH-95,SKU-937,44,1,332,2026-02-16,43,0.31,0.98,0.3
2726,MACH-28,SKU-594,326,154,296,2026-02-25,172,0.38,0.53,0.2
3916,MACH-36,SKU-481,179,102,278,2026-01-11,77,0.42,0.43,0.18
3965,MACH-77,SKU-348,492,460,343,2026-02-08,32,0.29,0.07,0.02
4888,MACH-24,SKU-265,453,114,376,2026-01-21,339,0.22,0.75,0.16
1290,MACH-31,SKU-218,313,29,337,2026-01-17,284,0.3,0.91,0.27
1966,MACH-05,SKU-067,298,140,384,2026-01-29,158,0.2,0.53,0.11
5924,MACH-64,SKU-084,45,42,305,2026-01-13,3,0.36,0.07,0.03
1646,MACH-90,SKU-482,497,141,462,2026-02-20,356,0.04,0.72,0.03
7646,MACH-65,SKU-858,339,5,14,2026-01-28,334,0.97,0.99,0.96
8711,MACH-19,SKU-951,61,21,102,2026-01-17,40,0.79,0.66,0.52
7733,MACH-98,SKU-677,224,116,255,2026-02-23,108,0.47,0.48,0.23
3805,MACH-99,SKU-158,463,462,190,2026-02-12,1,0.6,0.0,0.0
7644,MACH-37,SKU-679,74,59,352,2026-01-06,15,0.27,0.2,0.05
2461,MACH-59,SKU-072,353,238,152,2026-03-03,115,0.68,0.33,0.22
7288,MACH-11,SKU-778,61,36,411,2026-02-02,25,0.14,0.41,0.06
5702,MACH-81,SKU-523,450,121,158,2026-03-02,329,0.67,0.73,0.49
5334,MACH-72,SKU-615,452,5,17,2026-01-24,447,0.96,0.99,0.95
7589,MACH-35,SKU-987,249,218,403,2026-02-16,31,0.16,0.12,0.02
5546,MACH-78,SKU-427,81,52,186,2026-02-09,29,0.61,0.36,0.22
7133,MACH-58,SKU-747,358,219,390,2026-03-01,139,0.19,0.39,0.07
1096,MACH-24,SKU-211,404,317,395,2026-01-07,87,0.18,0.22,0.04
4810,MACH-66,SKU-386,14,3,66,2026-02-21,11,0.86,0.79,0.68
5348,MACH-14,SKU-644,302,293,48,2026-02-01,9,0.9,0.03,0.03
2362,MACH-61,SKU-612,146,33,469,2026-01-08,113,0.02,0.77,0.02
8480,MACH-93,SKU-843,224,74,86,2026-01-25,150,0.82,0.67,0.55
1225,MACH-57,SKU-100,77,15,95,2026-01-06,62,0.8,0.81,0.65
3720,MACH-92,SKU-915,88,5,349,2026-02-18,83,0.27,0.94,0.25
8723,MACH-56,SKU-007,352,62,460,2026-01-02,290,0.04,0.82,0.03
6597,MACH-69,SKU-475,47,24,341,2026-01-02,23,0.29,0.49,0.14
8737,MACH-99,SKU-634,71,59,85,2026-01-30,12,0.82,0.17,0.14
5645,MACH-90,SKU-905,285,197,422,2026-01-15,88,0.12,0.31,0.04
5555,MACH-97,SKU-148,142,102,7,2026-01-28,40,0.99,0.28,0.28
9827,MACH-85,SKU-287,318,10,119,2026-02-01,308,0.75,0.97,0.73
6385,MACH-73,SKU-964,132,8,58,2026-01-27,124,0.88,0.94,0.83
8211,MACH-48,SKU-935,144,4,93,2026-01-10,140,0.81,0.97,0.79
1437,MACH-62,SKU-402,295,112,321,2026-01-10,183,0.33,0.62,0.2
3710,MACH-62,SKU-946,331,164,249,2026-01-30,167,0.48,0.5,0.24
6266,MACH-05,SKU-033,221,38,379,2026-01-28,183,0.21,0.83,0.17
4943,MACH-31,SKU-699,216,31,391,2026-01-17,185,0.19,0.86,0.16
9544,MACH-34,SKU-441,32,30,326,2026-02-19,2,0.32,0.06,0.02
3502,MACH-47,SKU-520,127,52,92,2026-03-03,75,0.81,0.59,0.48
9529,MACH-69,SKU-582,366,51,238,2026-02-01,315,0.5,0.86,0.43
1257,MACH-30,SKU-983,8,7,397,2026-01-04,1,0.17,0.12,0.02
2857,MACH-99,SKU-091,341,46,152,2026-01-10,295,0.68,0.87,0.59
2631,MACH-65,SKU-016,454,352,328,2026-02-26,102,0.32,0.22,0.07
4158,MACH-69,SKU-605,475,287,129,2026-02-12,188,0.73,0.4,0.29
8579,MACH-90,SKU-185,94,65,437,2026-01-12,29,0.09,0.31,0.03
5639,MACH-06,SKU-520,537,363,49,2026-02-24,174,0.9,0.32,0.29
3895,MACH-88,SKU-199,493,188,45,2026-03-02,305,0.91,0.62,0.56
2438,MACH-83,SKU-190,396,175,430,2026-02-25,221,0.1,0.56,0.06
2914,MACH-30,SKU-427,338,240,321,2026-02-26,98,0.33,0.29,0.1
4162,MACH-64,SKU-075,561,216,408,2026-01-27,345,0.15,0.61,0.09
2711,MACH-36,SKU-913,198,6,242,2026-02-14,192,0.5,0.97,0.48
6585,MACH-09,SKU-582,226,22,184,2026-01-23,204,0.62,0.9,0.56
4526,MACH-53,SKU-127,456,35,398,2026-01-05,421,0.17,0.92,0.16
1273,MACH-57,SKU-161,354,24,427,2026-01-15,330,0.11,0.93,0.1
1611,MACH-86,SKU-592,256,12,421,2026-02-10,244,0.12,0.95,0.11
8877,MACH-71,SKU-619,156,46,440,2026-02-08,110,0.08,0.71,0.06
6025,MACH-09,SKU-845,23,20,278,2026-03-03,3,0.42,0.13,0.05
9433,MACH-32,SKU-436,211,186,197,2026-02-25,25,0.59,0.12,0.07
1902,MACH-29,SKU-360,366,23,37,2026-02-22,343,0.92,0.94,0.86
6950,MACH-84,SKU-629,547,431,56,2026-01-10,116,0.88,0.21,0.18
1426,MACH-40,SKU-438,244,144,42,2026-01-31,100,0.91,0.41,0.37
5333,MACH-69,SKU-172,217,51,162,2026-02-01,166,0.66,0.76,0.5
4584,MACH-15,SKU-314,203,173,327,2026-01-04,30,0.32,0.15,0.05
5607,MACH-41,SKU-116,526,479,282,2026-01-31,47,0.41,0.09,0.04
7551,MACH-86,SKU-251,259,98,81,2026-01-04,161,0.83,0.62,0.51
3429,MACH-95,SKU-027,74,67,21,2026-01-22,7,0.96,0.09,0.09
7158,MACH-97,SKU-089,91,24,166,2026-01-03,67,0.65,0.74,0.48
5998,MACH-86,SKU-873,162,38,199,2026-01-04,124,0.59,0.77,0.45
7364,MACH-56,SKU-035,277,2,227,2026-02-25,275,0.53,0.99,0.52
9973,MACH-87,SKU-254,123,92,158,2026-01-05,31,0.67,0.25,0.17
8893,MACH-30,SKU-930,39,34,199,2026-01-08,5,0.59,0.13,0.08
4341,MACH-98,SKU-947,208,134,321,2026-03-02,74,0.33,0.36,0.12
5892,MACH-91,SKU-442,256,38,454,2026-02-18,218,0.05,0.85,0.04
1417,MACH-87,SKU-206,309,132,156,2026-01-16,177,0.68,0.57,0.39
5301,MACH-40,SKU-986,347,135,168,2026-02-12,212,0.65,0.61,0.4
6629,MACH-98,SKU-628,456,122,50,2026-02-05,334,0.9,0.73,0.66
9060,MACH-72,SKU-195,306,33,404,2026-02-02,273,0.16,0.89,0.14
9650,MACH-04,SKU-050,500,102,272,2026-02-22,398,0.43,0.8,0.34
1748,MACH-16,SKU-546,55,13,398,2026-01-16,42,0.17,0.76,0.13
3067,MACH-38,SKU-334,449,411,37,2026-02-14,38,0.92,0.08,0.07
4820,MACH-14,SKU-633,10,8,36,2026-01-27,2,0.92,0.2,0.18
6784,MACH-76,SKU-333,30,18,369,2026-02-01,12,0.23,0.4,0.09
5176,MACH-61,SKU-611,482,427,239,2026-01-18,55,0.5,0.11,0.06
7507,MACH-30,SKU-567,312,124,292,2026-01-14,188,0.39,0.6,0.23
3540,MACH-68,SKU-384,146,29,174,2026-01-03,117,0.64,0.8,0.51
2517,MACH-94,SKU-928,238,211,253,2026-02-04,27,0.47,0.11,0.05
6447,MACH-07,SKU-076,370,181,194,2026-01-17,189,0.6,0.51,0.31
2574,MACH-99,SKU-125,319,309,304,2026-02-04,10,0.37,0.03,0.01
8567,MACH-45,SKU-017,257,60,267,2026-01-22,197,0.44,0.77,0.34
3124,MACH-52,SKU-842,78,64,130,2026-02-05,14,0.73,0.18,0.13
3737,MACH-24,SKU-630,266,65,15,2026-02-10,201,0.97,0.76,0.74
5862,MACH-43,SKU-389,222,31,122,2026-01-07,191,0.75,0.86,0.64
8502,MACH-11,SKU-773,321,254,103,2026-02-28,67,0.79,0.21,0.17
1147,MACH-79,SKU-487,112,48,324,2026-01-02,64,0.32,0.57,0.18
6487,MACH-75,SKU-311,154,123,463,2026-01-14,31,0.04,0.2,0.01
8846,MACH-85,SKU-792,195,77,410,2026-02-24,118,0.15,0.61,0.09
4110,MACH-18,SKU-398,110,78,382,2026-01-21,32,0.2,0.29,0.06
1816,MACH-37,SKU-360,13,9,283,2026-02-06,4,0.41,0.31,0.13
9355,MACH-66,SKU-879,462,369,10,2026-01-25,93,0.98,0.2,0.2
5713,MACH-93,SKU-779,24,19,166,2026-01-03,5,0.65,0.21,0.14
3246,MACH-52,SKU-923,235,105,174,2026-01-21,130,0.64,0.55,0.35
3719,MACH-39,SKU-522,134,93,157,2026-02-21,41,0.67,0.31,0.21
3879,MACH-98,SKU-869,375,366,107,2026-01-02,9,0.78,0.02,0.02
3392,MACH-19,SKU-374,423,316,179,2026-01-14,107,0.63,0.25,0.16
8542,MACH-81,SKU-322,118,18,480,2026-01-30,100,0.0,0.85,0.0
2607,MACH-38,SKU-662,141,7,258,2026-02-14,134,0.46,0.95,0.44
7625,MACH-79,SKU-918,352,48,437,2026-02-16,304,0.09,0.86,0.08
6109,MACH-58,SKU-677,551,78,310,2026-01-21,473,0.35,0.86,0.3
8079,MACH-71,SKU-264,328,92,58,2026-01-05,236,0.88,0.72,0.63
4596,MACH-50,SKU-130,318,180,146,2026-01-07,138,0.7,0.43,0.3
9401,MACH-14,SKU-057,425,137,291,2026-02-28,288,0.39,0.68,0.27
8674,MACH-69,SKU-739,244,171,28,2026-02-15,73,0.94,0.3,0.28
3731,MACH-93,SKU-824,281,150,152,2026-01-06,131,0.68,0.47,0.32
6523,MACH-96,SKU-644,392,350,34,2026-01-07,42,0.93,0.11,0.1
1777,MACH-51,SKU-350,138,9,469,2026-01-25,129,0.02,0.93,0.02
9882,MACH-53,SKU-542,21,21,407,2026-01-27,0,0.15,0.0,0.0
6889,MACH-97,SKU-856,420,182,443,2026-02-23,238,0.08,0.57,0.05
7850,MACH-05,SKU-101,441,346,171,2026-03-03,95,0.64,0.22,0.14
9708,MACH-37,SKU-703,37,30,409,2026-02-06,7,0.15,0.19,0.03
6251,MACH-70,SKU-428,519,77,50,2026-01-06,442,0.9,0.85,0.76
4821,MACH-52,SKU-776,225,221,132,2026-02-08,4,0.72,0.02,0.01
4634,MACH-18,SKU-383,544,520,223,2026-02-09,24,0.54,0.04,0.02
7778,MACH-30,SKU-238,458,421,376,2026-01-12,37,0.22,0.08,0.02
5678,MACH-56,SKU-733,64,48,246,2026-01-17,16,0.49,0.25,0.12
2470,MACH-56,SKU-258,388,195,240,2026-02-06,193,0.5,0.5,0.25
9854,MACH-26,SKU-635,45,41,420,2026-01-12,4,0.12,0.09,0.01
1220,MACH-22,SKU-847,534,81,313,2026-02-06,453,0.35,0.85,0.3
5485,MACH-48,SKU-209,445,225,108,2026-01-27,220,0.78,0.49,0.38
7105,MACH-38,SKU-262,13,8,384,2026-01-17,5,0.2,0.38,0.08
7145,MACH-66,SKU-801,81,73,430,2026-02-06,8,0.1,0.1,0.01
3437,MACH-04,SKU-461,381,307,72,2026-01-27,74,0.85,0.19,0.16
4422,MACH-82,SKU-889,172,7,252,2026-02-01,165,0.48,0.96,0.46
4292,MACH-23,SKU-313,248,65,263,2026-02-10,183,0.45,0.74,0.33
7100,MACH-65,SKU-413,66,39,141,2026-02-06,27,0.71,0.41,0.29
3744,MACH-01,SKU-176,557,262,251,2026-01-19,295,0.48,0.53,0.25
6176,MACH-81,SKU-427,503,224,416,2026-01-13,279,0.13,0.55,0.07
2243,MACH-44,SKU-307,184,32,118,2026-01-20,152,0.75,0.83,0.62
2709,MACH-93,SKU-205,132,113,193,2026-02-15,19,0.6,0.14,0.08
3617,MACH-10,SKU-706,237,216,174,2026-01-08,21,0.64,0.09,0.06
1591,MACH-03,SKU-526,275,272,313,2026-01-03,3,0.35,0.01,0.0
2725,MACH-50,SKU-362,301,116,138,2026-03-02,185,0.71,0.61,0.43
1829,MACH-83,SKU-917,151,69,181,2026-01-31,82,0.62,0.54,0.33
7556,MACH-26,SKU-319,449,365,452,2026-01-01,84,0.06,0.19,0.01
7509,MACH-59,SKU-736,193,144,68,2026-01-10,49,0.86,0.25,0.22
1019,MACH-73,SKU-510,309,37,123,2026-01-12,272,0.74,0.88,0.65
7204,MACH-28,SKU-773,196,76,326,2026-02-26,120,0.32,0.61,0.2
5389,MACH-21,SKU-195,169,48,397,2026-02-09,121,0.17,0.72,0.12
6946,MACH-83,SKU-046,482,380,403,2026-01-16,102,0.16,0.21,0.03
5279,MACH-94,SKU-102,470,418,187,2026-01-29,52,0.61,0.11,0.07
5734,MACH-57,SKU-557,534,472,353,2026-01-18,62,0.26,0.12,0.03
6259,MACH-08,SKU-582,363,31,399,2026-02-01,332,0.17,0.91,0.15
1483,MACH-83,SKU-087,205,62,396,2026-02-07,143,0.18,0.7,0.13
7541,MACH-71,SKU-015,209,126,409,2026-01-11,83,0.15,0.4,0.06
2552,MACH-69,SKU-480,482,78,420,2026-01-14,404,0.12,0.84,0.1
4877,MACH-92,SKU-291,11,11,338,2026-01-01,0,0.3,0.0,0.0
8656,MACH-89,SKU-759,546,464,179,2026-02-02,82,0.63,0.15,0.09
3421,MACH-93,SKU-816,475,328,458,2026-02-13,147,0.05,0.31,0.02
7022,MACH-62,SKU-948,128,19,107,2026-02-09,109,0.78,0.85,0.66
7657,MACH-84,SKU-823,38,12,326,2026-01-27,26,0.32,0.68,0.22
8140,MACH-14,SKU-572,352,251,479,2026-02-20,101,0.0,0.29,0.0
1274,MACH-85,SKU-841,425,110,352,2026-01-27,315,0.27,0.74,0.2
2136,MACH-68,SKU-634,19,10,464,2026-02-23,9,0.03,0.47,0.01
9188,MACH-86,SKU-792,76,2,321,2026-01-10,74,0.33,0.97,0.32
6339,MACH-51,SKU-131,121,102,126,2026-01-08,19,0.74,0.16,0.12
1969,MACH-19,SKU-845,285,98,280,2026-01-15,187,0.42,0.66,0.28
6049,MACH-24,SKU-228,378,287,56,2026-02-12,91,0.88,0.24,0.21
9652,MACH-50,SKU-349,118,48,222,2026-02-21,70,0.54,0.59,0.32
9805,MACH-90,SKU-436,455,164,396,2026-02-21,291,0.18,0.64,0.12
1641,MACH-02,SKU-545,230,4,386,2026-02-21,226,0.2,0.98,0.2
1736,MACH-00,SKU-907,528,114,233,2026-02-15,414,0.51,0.78,0.4
7573,MACH-72,SKU-558,30,23,158,2026-02-18,7,0.67,0.23,0.15
8746,MACH-28,SKU-473,390,169,96,2026-02-23,221,0.8,0.57,0.46
6399,MACH-72,SKU-599,275,22,45,2026-01-01,253,0.91,0.92,0.84
9532,MACH-76,SKU-800,419,74,285,2026-01-18,345,0.41,0.82,0.34
3662,MACH-13,SKU-082,23,13,100,2026-01-02,10,0.79,0.43,0.34
9816,MACH-83,SKU-407,435,68,414,2026-02-01,367,0.14,0.84,0.12
8493,MACH-65,SKU-196,401,80,371,2026-01-22,321,0.23,0.8,0.18
7088,MACH-66,SKU-263,414,369,257,2026-03-03,45,0.46,0.11,0.05
8958,MACH-87,SKU-172,545,523,214,2026-02-16,22,0.55,0.04,0.02
4314,MACH-57,SKU-657,98,61,428,2026-02-25,37,0.11,0.38,0.04
7629,MACH-80,SKU-502,376,376,389,2026-02-27,0,0.19,0.0,0.0
1377,MACH-00,SKU-675,181,53,199,2026-01-26,128,0.59,0.71,0.42
3652,MACH-95,SKU-497,207,2,12,2026-01-09,205,0.98,0.99,0.97
3813,MACH-87,SKU-742,378,288,439,2026-01-03,90,0.09,0.24,0.02
2561,MACH-98,SKU-868,391,29,223,2026-01-25,362,0.54,0.93,0.5
6645,MACH-51,SKU-229,483,452,105,2026-02-18,31,0.78,0.06,0.05
7981,MACH-81,SKU-335,188,7,322,2026-01-28,181,0.33,0.96,0.32
4068,MACH-92,SKU-157,214,118,374,2026-02-20,96,0.22,0.45,0.1
7563,MACH-19,SKU-269,159,149,39,2026-02-07,10,0.92,0.06,0.06
9490,MACH-86,SKU-316,235,181,115,2026-02-05,54,0.76,0.23,0.17
6174,MACH-72,SKU-038,371,185,214,2026-01-16,186,0.55,0.5,0.28
2639,MACH-01,SKU-514,24,8,178,2026-02-19,16,0.63,0.67,0.42
9072,MACH-04,SKU-841,438,313,34,2026-02-27,125,0.93,0.29,0.27
2157,MACH-07,SKU-638,354,202,120,2026-01-23,152,0.75,0.43,0.32
5856,MACH-30,SKU-146,25,4,468,2026-01-27,21,0.02,0.84,0.02
3653,MACH-44,SKU-233,551,448,83,2026-02-24,103,0.83,0.19,0.16
6798,MACH-20,SKU-711,16,12,396,2026-02-03,4,0.18,0.25,0.04
5283,MACH-87,SKU-064,380,308,390,2026-01-07,72,0.19,0.19,0.04
2096,MACH-57,SKU-448,40,33,308,2026-01-10,7,0.36,0.18,0.06
6631,MACH-36,SKU-892,38,20,416,2026-01-03,18,0.13,0.47,0.06
5318,MACH-43,SKU-524,420,391,96,2026-01-05,29,0.8,0.07,0.06
3400,MACH-35,SKU-857,248,232,355,2026-02-13,16,0.26,0.06,0.02
1382,MACH-04,SKU-934,428,80,222,2026-01-30,348,0.54,0.81,0.44
3309,MACH-94,SKU-309,253,249,451,2026-01-26,4,0.06,0.02,0.0
5581,MACH-27,SKU-364,321,115,475,2026-02-07,206,0.01,0.64,0.01
8792,MACH-81,SKU-111,532,306,478,2026-02-27,226,0.0,0.42,0.0
4127,MACH-61,SKU-611,12,5,239,2026-01-23,7,0.5,0.58,0.29
6552,MACH-81,SKU-852,158,120,263,2026-02-01,38,0.45,0.24,0.11
3445,MACH-27,SKU-975,37,16,62,2026-01-15,21,0.87,0.57,0.5
7152,MACH-40,SKU-105,217,57,95,2026-01-12,160,0.8,0.74,0.59
9637,MACH-82,SKU-495,322,135,281,2026-02-15,187,0.41,0.58,0.24
6509,MACH-77,SKU-428,314,287,172,2026-01-20,27,0.64,0.09,0.06
1013,MACH-87,SKU-178,2,1,282,2026-02-26,1,0.41,0.5,0.2
8191,MACH-55,SKU-143,90,37,124,2026-01-18,53,0.74,0.59,0.44
1703,MACH-52,SKU-647,348,339,213,2026-01-29,9,0.56,0.03,0.02
9565,MACH-68,SKU-989,293,78,430,2026-02-05,215,0.1,0.73,0.07
3679,MACH-00,SKU-683,28,26,409,2026-02-28,2,0.15,0.07,0.01
2257,MACH-39,SKU-247,32,26,317,2026-02-01,6,0.34,0.19,0.06
2025,MACH-01,SKU-718,91,17,158,2026-03-02,74,0.67,0.81,0.54
6347,MACH-82,SKU-058,280,280,44,2026-01-22,0,0.91,0.0,0.0
4578,MACH-48,SKU-184,561,177,149,2026-01-22,384,0.69,0.68,0.47
9535,MACH-84,SKU-930,450,276,115,2026-01-05,174,0.76,0.39,0.3
3360,MACH-16,SKU-365,357,316,79,2026-01-28,41,0.84,0.11,0.09
7196,MACH-59,SKU-752,0,0,11,2026-01-07,0,0.98,0.0,0.0
4093,MACH-13,SKU-339,501,352,83,2026-01-28,149,0.83,0.3,0.25
9227,MACH-07,SKU-153,93,92,299,2026-02-19,1,0.38,0.01,0.0
8995,MACH-43,SKU-091,1,0,263,2026-01-21,1,0.45,1.0,0.45
9894,MACH-75,SKU-458,454,8,185,2026-01-26,446,0.61,0.98,0.6
8137,MACH-61,SKU-259,120,7,323,2026-02-13,113,0.33,0.94,0.31
9580,MACH-89,SKU-939,452,356,466,2026-01-27,96,0.03,0.21,0.01
7239,MACH-57,SKU-290,501,321,318,2026-01-20,180,0.34,0.36,0.12
5291,MACH-65,SKU-017,536,174,126,2026-02-12,362,0.74,0.68,0.5
8824,MACH-90,SKU-426,163,134,479,2026-01-20,29,0.0,0.18,0.0
5438,MACH-11,SKU-421,195,73,419,2026-01-27,122,0.13,0.63,0.08
8437,MACH-19,SKU-046,138,81,338,2026-02-14,57,0.3,0.41,0.12
8998,MACH-64,SKU-282,248,248,75,2026-01-26,0,0.84,0.0,0.0
1760,MACH-10,SKU-532,400,21,143,2026-01-16,379,0.7,0.95,0.66
9706,MACH-09,SKU-415,117,6,250,2026-02-02,111,0.48,0.95,0.46
8513,MACH-34,SKU-157,363,290,82,2026-01-01,73,0.83,0.2,0.17
6810,MACH-18,SKU-367,7,5,255,2026-02-13,2,0.47,0.29,0.14
3844,MACH-91,SKU-038,51,51,277,2026-02-03,0,0.42,0.0,0.0
5810,MACH-30,SKU-133,35,10,446,2026-01-06,25,0.07,0.71,0.05
5034,MACH-98,SKU-154,7,0,303,2026-02-22,7,0.37,1.0,0.37
7522,MACH-75,SKU-729,355,30,286,2026-01-22,325,0.4,0.92,0.37
2389,MACH-52,SKU-324,320,181,112,2026-02-21,139,0.77,0.43,0.33
7690,MACH-53,SKU-409,448,27,71,2026-01-19,421,0.85,0.94,0.8
6051,MACH-14,SKU-666,397,42,435,2026-01-15,355,0.09,0.89,0.08
9739,MACH-02,SKU-957,39,12,420,2026-01-28,27,0.12,0.69,0.08
7951,MACH-44,SKU-112,183,43,134,2026-01-24,140,0.72,0.77,0.55
6505,MACH-19,SKU-349,415,406,453,2026-03-03,9,0.06,0.02,0.0
5346,MACH-40,SKU-474,128,62,149,2026-02-02,66,0.69,0.52,0.36
2148,MACH-37,SKU-408,74,58,221,2026-01-13,16,0.54,0.22,0.12
1191,MACH-05,SKU-088,282,104,461,2026-01-09,178,0.04,0.63,0.03
3453,MACH-62,SKU-088,20,16,110,2026-02-13,4,0.77,0.2,0.15
5934,MACH-69,SKU-446,381,9,68,2026-02-07,372,0.86,0.98,0.84
4551,MACH-99,SKU-927,276,63,194,2026-01-28,213,0.6,0.77,0.46
1021,MACH-38,SKU-909,138,123,17,2026-01-23,15,0.96,0.11,0.11
1466,MACH-68,SKU-164,499,371,35,2026-02-04,128,0.93,0.26,0.24
4167,MACH-38,SKU-817,470,350,32,2026-01-21,120,0.93,0.26,0.24
8504,MACH-20,SKU-472,526,395,427,2026-02-27,131,0.11,0.25,0.03
4412,MACH-34,SKU-823,492,285,159,2026-02-10,207,0.67,0.42,0.28
3342,MACH-60,SKU-379,182,48,129,2026-03-02,134,0.73,0.74,0.54
4751,MACH-53,SKU-750,50,30,209,2026-01-20,20,0.56,0.4,0.22
8121,MACH-96,SKU-131,240,125,449,2026-02-08,115,0.06,0.48,0.03
3683,MACH-82,SKU-148,155,150,394,2026-01-28,5,0.18,0.03,0.01
2821,MACH-90,SKU-999,423,207,317,2026-01-21,216,0.34,0.51,0.17
5955,MACH-96,SKU-731,529,364,173,2026-01-25,165,0.64,0.31,0.2
8529,MACH-92,SKU-300,255,96,384,2026-01-29,159,0.2,0.62,0.12
4934,MACH-94,SKU-410,257,102,11,2026-02-24,155,0.98,0.6,0.59
6514,MACH-70,SKU-033,253,251,315,2026-02-03,2,0.34,0.01,0.0
3722,MACH-48,SKU-851,491,233,296,2026-02-12,258,0.38,0.53,0.2
7804,MACH-09,SKU-353,369,170,148,2026-02-16,199,0.69,0.54,0.37
1103,MACH-07,SKU-673,163,53,55,2026-02-21,110,0.89,0.67,0.6
5192,MACH-36,SKU-507,205,57,108,2026-02-13,148,0.78,0.72,0.56
8830,MACH-92,SKU-445,562,103,341,2026-01-11,459,0.29,0.82,0.24
2344,MACH-91,SKU-215,340,119,257,2026-02-28,221,0.46,0.65,0.3
4356,MACH-98,SKU-557,250,6,82,2026-01-30,244,0.83,0.98,0.81
3335,MACH-31,SKU-874,536,246,283,2026-02-20,290,0.41,0.54,0.22
2479,MACH-27,SKU-864,527,105,40,2026-02-25,422,0.92,0.8,0.74
8002,MACH-87,SKU-781,258,3,366,2026-02-22,255,0.24,0.99,0.24
7637,MACH-78,SKU-608,519,62,139,2026-02-04,457,0.71,0.88,0.62
2044,MACH-82,SKU-753,120,86,68,2026-02-22,34,0.86,0.28,0.24
1299,MACH-53,SKU-585,380,39,77,2026-01-12,341,0.84,0.9,0.76
4461,MACH-77,SKU-930,472,60,275,2026-02-14,412,0.43,0.87,0.37
5419,MACH-00,SKU-580,315,97,37,2026-01-26,218,0.92,0.69,0.63
4845,MACH-85,SKU-900,398,186,271,2026-03-03,212,0.44,0.53,0.23
3259,MACH-87,SKU-722,10,6,182,2026-01-02,4,0.62,0.4,0.25
9403,MACH-66,SKU-302,542,222,477,2026-02-26,320,0.01,0.59,0.01
2204,MACH-69,SKU-890,522,512,374,2026-02-04,10,0.22,0.02,0.0
2326,MACH-68,SKU-101,268,106,150,2026-01-09,162,0.69,0.6,0.41
1363,MACH-68,SKU-338,409,294,244,2026-02-09,115,0.49,0.28,0.14
1136,MACH-50,SKU-004,201,70,94,2026-01-20,131,0.8,0.65,0.52
2265,MACH-13,SKU-871,49,26,115,2026-01-07,23,0.76,0.47,0.36
8551,MACH-26,SKU-442,331,31,263,2026-03-02,300,0.45,0.91,0.41
1479,MACH-84,SKU-623,453,409,480,2026-03-01,44,0.0,0.1,0.0
7816,MACH-94,SKU-167,303,107,417,2026-01-01,196,0.13,0.65,0.08
9430,MACH-93,SKU-268,524,470,108,2026-01-05,54,0.78,0.1,0.08
1054,MACH-81,SKU-217,224,158,191,2026-01-08,66,0.6,0.29,0.17
2850,MACH-42,SKU-774,264,227,32,2026-02-07,37,0.93,0.14,0.13
3582,MACH-61,SKU-215,324,162,314,2026-02-25,162,0.35,0.5,0.18
8029,MACH-57,SKU-903,420,74,280,2026-02-24,346,0.42,0.82,0.34
6477,MACH-00,SKU-695,161,147,161,2026-02-11,14,0.66,0.09,0.06
4853,MACH-32,SKU-492,437,358,10,2026-02-09,79,0.98,0.18,0.18
2391,MACH-32,SKU-261,382,17,80,2026-01-21,365,0.83,0.96,0.8
3015,MACH-14,SKU-934,262,106,231,2026-02-20,156,0.52,0.6,0.31
5807,MACH-92,SKU-334,191,142,390,2026-02-23,49,0.19,0.26,0.05
7776,MACH-32,SKU-232,17,3,406,2026-01-25,14,0.15,0.82,0.12
1647,MACH-84,SKU-885,278,190,135,2026-01-28,88,0.72,0.32,0.23
7755,MACH-21,SKU-726,431,22,470,2026-01-24,409,0.02,0.95,0.02
2997,MACH-34,SKU-132,442,222,293,2026-02-16,220,0.39,0.5,0.2
2547,MACH-86,SKU-196,47,14,378,2026-02-11,33,0.21,0.7,0.15
4842,MACH-67,SKU-025,239,234,138,2026-01-27,5,0.71,0.02,0.01
8170,MACH-16,SKU-623,147,70,430,2026-01-14,77,0.1,0.52,0.05
5360,MACH-67,SKU-492,215,117,462,2026-02-07,98,0.04,0.46,0.02
6087,MACH-77,SKU-245,359,277,121,2026-01-01,82,0.75,0.23,0.17
9695,MACH-85,SKU-012,293,37,30,2026-01-11,256,0.94,0.87,0.82
5694,MACH-26,SKU-269,440,53,453,2026-01-12,387,0.06,0.88,0.05
5248,MACH-58,SKU-403,225,51,390,2026-01-09,174,0.19,0.77,0.15
3130,MACH-77,SKU-727,371,17,333,2026-03-02,354,0.31,0.95,0.29
4180,MACH-10,SKU-610,526,499,333,2026-02-03,27,0.31,0.05,0.02
1184,MACH-77,SKU-269,374,364,114,2026-01-02,10,0.76,0.03,0.02
3021,MACH-07,SKU-323,20,14,103,2026-01-10,6,0.79,0.3,0.24
6290,MACH-62,SKU-792,286,82,348,2026-02-28,204,0.28,0.71,0.2
8704,MACH-25,SKU-927,94,29,148,2026-02-25,65,0.69,0.69,0.48
5547,MACH-73,SKU-962,438,192,55,2026-01-06,246,0.89,0.56,0.5
2245,MACH-67,SKU-850,408,291,117,2026-02-27,117,0.76,0.29,0.22
1252,MACH-77,SKU-898,142,68,49,2026-02-14,74,0.9,0.52,0.47
1985,MACH-50,SKU-278,472,229,357,2026-02-15,243,0.26,0.51,0.13
1394,MACH-08,SKU-827,79,44,88,2026-01-17,35,0.82,0.44,0.36
5540,MACH-37,SKU-014,67,35,68,2026-03-02,32,0.86,0.48,0.41
4324,MACH-27,SKU-966,498,468,96,2026-01-29,30,0.8,0.06,0.05
5985,MACH-54,SKU-781,84,45,447,2026-02-15,39,0.07,0.46,0.03
4525,MACH-00,SKU-819,367,363,431,2026-02-23,4,0.1,0.01,0.0
4651,MACH-91,SKU-476,143,36,383,2026-02-20,107,0.2,0.75,0.15
3616,MACH-02,SKU-003,39,15,170,2026-01-13,24,0.65,0.62,0.4
7357,MACH-82,SKU-382,255,204,42,2026-02-07,51,0.91,0.2,0.18
8396,MACH-58,SKU-879,222,125,1,2026-01-11,97,1.0,0.44,0.44
2246,MACH-16,SKU-985,93,75,408,2026-01-18,18,0.15,0.19,0.03
3634,MACH-63,SKU-509,238,153,271,2026-01-29,85,0.44,0.36,0.16
7439,MACH-96,SKU-813,168,87,175,2026-02-28,81,0.64,0.48,0.31
9218,MACH-84,SKU-290,102,7,178,2026-01-11,95,0.63,0.93,0.59
6045,MACH-89,SKU-180,254,134,20,2026-02-14,120,0.96,0.47,0.45
7665,MACH-04,SKU-210,387,111,267,2026-02-22,276,0.44,0.71,0.31
8706,MACH-44,SKU-547,67,59,237,2026-01-16,8,0.51,0.12,0.06
7554,MACH-88,SKU-407,4,4,478,2026-01-02,0,0.0,0.0,0.0
5779,MACH-72,SKU-367,447,55,160,2026-01-30,392,0.67,0.88,0.59
4856,MACH-59,SKU-425,189,122,237,2026-01-12,67,0.51,0.35,0.18
1650,MACH-80,SKU-555,62,9,134,2026-02-22,53,0.72,0.85,0.61
7647,MACH-08,SKU-488,483,288,106,2026-01-25,195,0.78,0.4,0.31
1973,MACH-47,SKU-843,359,217,176,2026-02-05,142,0.63,0.4,0.25
8424,MACH-50,SKU-930,158,143,6,2026-02-02,15,0.99,0.09,0.09
8199,MACH-82,SKU-913,94,37,416,2026-02-08,57,0.13,0.61,0.08
3950,MACH-74,SKU-050,280,258,189,2026-02-13,22,0.61,0.08,0.05
6929,MACH-03,SKU-230,288,130,394,2026-02-02,158,0.18,0.55,0.1
4051,MACH-19,SKU-852,336,335,215,2026-01-26,1,0.55,0.0,0.0
8138,MACH-54,SKU-702,437,427,37,2026-01-21,10,0.92,0.02,0.02
1514,MACH-01,SKU-569,564,510,275,2026-01-13,54,0.43,0.1,0.04
9208,MACH-06,SKU-033,471,266,165,2026-01-21,205,0.66,0.44,0.29
1894,MACH-14,SKU-522,96,23,369,2026-01-30,73,0.23,0.76,0.17
9785,MACH-63,SKU-286,285,29,55,2026-01-10,256,0.89,0.9,0.8
5900,MACH-59,SKU-237,409,391,342,2026-01-15,18,0.29,0.04,0.01
2166,MACH-56,SKU-269,257,63,254,2026-02-21,194,0.47,0.75,0.35
8339,MACH-99,SKU-385,427,112,338,2026-01-19,315,0.3,0.74,0.22
3714,MACH-26,SKU-584,439,291,202,2026-01-09,148,0.58,0.34,0.2
1752,MACH-74,SKU-201,399,329,425,2026-01-10,70,0.11,0.18,0.02
9186,MACH-69,SKU-465,554,423,459,2026-02-17,131,0.04,0.24,0.01
3087,MACH-58,SKU-771,153,112,424,2026-03-03,41,0.12,0.27,0.03
6692,MACH-90,SKU-280,142,63,210,2026-01-09,79,0.56,0.56,0.31
1249,MACH-12,SKU-852,87,0,83,2026-02-08,87,0.83,1.0,0.83
8179,MACH-51,SKU-791,455,26,31,2026-02-03,429,0.94,0.94,0.88
2766,MACH-63,SKU-809,124,35,10,2026-01-26,89,0.98,0.72,0.71
2840,MACH-33,SKU-301,488,15,215,2026-02-02,473,0.55,0.97,0.53
3930,MACH-01,SKU-482,396,103,141,2026-02-06,293,0.71,0.74,0.53
2634,MACH-33,SKU-241,536,55,238,2026-02-04,481,0.5,0.9,0.45
8026,MACH-22,SKU-669,537,105,278,2026-01-06,432,0.42,0.8,0.34
1173,MACH-21,SKU-022,534,523,125,2026-01-07,11,0.74,0.02,0.01
7356,MACH-83,SKU-993,424,92,333,2026-02-20,332,0.31,0.78,0.24
2744,MACH-43,SKU-546,189,103,91,2026-01-21,86,0.81,0.46,0.37
1554,MACH-57,SKU-306,363,34,116,2026-02-06,329,0.76,0.91,0.69
5800,MACH-46,SKU-761,160,33,418,2026-01-25,127,0.13,0.79,0.1
4625,MACH-46,SKU-270,171,135,273,2026-02-14,36,0.43,0.21,0.09
6989,MACH-15,SKU-834,476,325,470,2026-02-22,151,0.02,0.32,0.01
8631,MACH-12,SKU-763,458,255,456,2026-02-24,203,0.05,0.44,0.02
6494,MACH-11,SKU-599,49,29,363,2026-01-24,20,0.24,0.41,0.1
4163,MACH-45,SKU-528,67,26,442,2026-01-22,41,0.08,0.61,0.05
7687,MACH-32,SKU-329,102,4,281,2026-03-01,98,0.41,0.96,0.39
4249,MACH-79,SKU-703,90,19,399,2026-02-25,71,0.17,0.79,0.13
7396,MACH-96,SKU-924,131,2,398,2026-01-30,129,0.17,0.98,0.17
6123,MACH-23,SKU-591,415,87,191,2026-02-20,328,0.6,0.79,0.47
1398,MACH-30,SKU-724,309,264,171,2026-03-03,45,0.64,0.15,0.1
5326,MACH-47,SKU-562,352,77,205,2026-02-17,275,0.57,0.78,0.44
7773,MACH-55,SKU-308,434,327,235,2026-01-08,107,0.51,0.25,0.13
3949,MACH-80,SKU-118,518,127,75,2026-02-28,391,0.84,0.75,0.63
1303,MACH-68,SKU-791,453,329,67,2026-01-18,124,0.86,0.27,0.23
3231,MACH-29,SKU-694,183,133,53,2026-01-08,50,0.89,0.27,0.24
5558,MACH-01,SKU-391,360,140,423,2026-01-16,220,0.12,0.61,0.07
5971,MACH-81,SKU-054,211,66,399,2026-01-12,145,0.17,0.69,0.12
7745,MACH-14,SKU-249,418,88,123,2026-01-02,330,0.74,0.79,0.58
1790,MACH-46,SKU-178,409,132,250,2026-02-13,277,0.48,0.68,0.33
3475,MACH-13,SKU-591,422,263,394,2026-01-20,159,0.18,0.38,0.07
8442,MACH-97,SKU-990,131,34,209,2026-01-20,97,0.56,0.74,0.41
4339,MACH-52,SKU-278,500,300,40,2026-01-01,200,0.92,0.4,0.37
7658,MACH-90,SKU-450,139,1,384,2026-02-28,138,0.2,0.99,0.2
9155,MACH-25,SKU-344,434,266,331,2026-02-05,168,0.31,0.39,0.12
3772,MACH-52,SKU-538,272,224,332,2026-02-08,48,0.31,0.18,0.06
3044,MACH-81,SKU-954,155,139,461,2026-02-27,16,0.04,0.1,0.0
8475,MACH-15,SKU-773,402,30,72,2026-03-01,372,0.85,0.93,0.79
4385,MACH-01,SKU-655,45,21,181,2026-02-18,24,0.62,0.53,0.33
6558,MACH-64,SKU-976,64,33,191,2026-01-20,31,0.6,0.48,0.29
8220,MACH-66,SKU-827,251,113,287,2026-02-24,138,0.4,0.55,0.22
9485,MACH-15,SKU-530,149,133,468,2026-01-14,16,0.02,0.11,0.0
7818,MACH-47,SKU-319,348,91,130,2026-02-07,257,0.73,0.74,0.54
3490,MACH-77,SKU-761,182,160,320,2026-01-21,22,0.33,0.12,0.04
7254,MACH-93,SKU-146,540,53,321,2026-02-15,487,0.33,0.9,0.3
3319,MACH-06,SKU-260,20,8,387,2026-02-24,12,0.19,0.6,0.11
7749,MACH-28,SKU-188,99,55,73,2026-02-02,44,0.85,0.44,0.37
2954,MACH-55,SKU-789,499,88,83,2026-02-07,411,0.83,0.82,0.68
1185,MACH-35,SKU-964,281,165,134,2026-02-08,116,0.72,0.41,0.3
6209,MACH-41,SKU-496,55,51,68,2026-01-05,4,0.86,0.07,0.06
6855,MACH-08,SKU-418,445,433,453,2026-01-06,12,0.06,0.03,0.0
9029,MACH-91,SKU-771,78,25,119,2026-02-16,53,0.75,0.68,0.51
5486,MACH-36,SKU-926,551,85,159,2026-01-20,466,0.67,0.85,0.57
7328,MACH-66,SKU-341,311,221,128,2026-02-16,90,0.73,0.29,0.21
8018,MACH-82,SKU-324,184,41,158,2026-02-01,143,0.67,0.78,0.52
6128,MACH-11,SKU-643,250,211,181,2026-01-18,39,0.62,0.16,0.1
1497,MACH-38,SKU-578,518,70,198,2026-02-09,448,0.59,0.86,0.51
9787,MACH-53,SKU-775,157,142,348,2026-02-14,15,0.28,0.1,0.03
6657,MACH-20,SKU-219,143,26,235,2026-03-01,117,0.51,0.82,0.42
9935,MACH-74,SKU-872,159,8,288,2026-01-18,151,0.4,0.95,0.38
1986,MACH-93,SKU-827,217,194,17,2026-03-01,23,0.96,0.11,0.11
2697,MACH-30,SKU-109,392,327,328,2026-01-19,65,0.32,0.17,0.05
1126,MACH-59,SKU-657,509,424,264,2026-01-27,85,0.45,0.17,0.08
5145,MACH-07,SKU-050,373,11,469,2026-01-05,362,0.02,0.97,0.02
9993,MACH-05,SKU-587,505,16,228,2026-01-02,489,0.52,0.97,0.5
3186,MACH-75,SKU-639,349,139,440,2026-02-21,210,0.08,0.6,0.05
1347,MACH-74,SKU-869,265,73,24,2026-01-18,192,0.95,0.72,0.68
9990,MACH-72,SKU-492,466,88,66,2026-01-04,378,0.86,0.81,0.7
5391,MACH-36,SKU-408,285,261,134,2026-01-29,24,0.72,0.08,0.06
9270,MACH-78,SKU-348,301,156,129,2026-01-19,145,0.73,0.48,0.35
8576,MACH-27,SKU-726,180,113,471,2026-01-02,67,0.02,0.37,0.01
7103,MACH-10,SKU-851,117,46,376,2026-02-16,71,0.22,0.61,0.13
1997,MACH-60,SKU-386,491,475,438,2026-01-31,16,0.09,0.03,0.0
6286,MACH-49,SKU-768,531,59,192,2026-02-21,472,0.6,0.89,0.53
6894,MACH-91,SKU-571,399,357,223,2026-01-09,42,0.54,0.11,0.06
4571,MACH-82,SKU-416,457,225,125,2026-01-05,232,0.74,0.51,0.38
4199,MACH-38,SKU-608,79,23,41,2026-01-16,56,0.91,0.71,0.65
1476,MACH-01,SKU-122,488,107,480,2026-02-12,381,0.0,0.78,0.0
8062,MACH-26,SKU-889,372,51,251,2026-02-14,321,0.48,0.86,0.41
3255,MACH-87,SKU-643,196,103,79,2026-02-09,93,0.84,0.47,0.39
9056,MACH-74,SKU-662,138,118,389,2026-01-28,20,0.19,0.14,0.03
6490,MACH-17,SKU-962,93,37,21,2026-02-08,56,0.96,0.6,0.58
4599,MACH-55,SKU-666,339,279,53,2026-01-15,60,0.89,0.18,0.16
2940,MACH-33,SKU-695,77,14,314,2026-01-02,63,0.35,0.82,0.29
7952,MACH-40,SKU-171,313,30,198,2026-01-26,283,0.59,0.9,0.53
8397,MACH-16,SKU-747,259,68,299,2026-01-26,191,0.38,0.74,0.28
3072,MACH-38,SKU-740,130,74,221,2026-01-25,56,0.54,0.43,0.23
5926,MACH-89,SKU-375,305,3,75,2026-02-03,302,0.84,0.99,0.83
7443,MACH-98,SKU-253,52,10,51,2026-02-06,42,0.89,0.81,0.72
7750,MACH-66,SKU-017,535,300,158,2026-02-06,235,0.67,0.44,0.29
1817,MACH-90,SKU-962,93,34,437,2026-02-20,59,0.09,0.63,0.06
9666,MACH-31,SKU-800,488,32,2,2026-02-02,456,1.0,0.93,0.93
5687,MACH-19,SKU-030,411,403,217,2026-02-15,8,0.55,0.02,0.01
2061,MACH-99,SKU-637,375,39,454,2026-01-04,336,0.05,0.9,0.05
3544,MACH-33,SKU-721,107,96,46,2026-02-06,11,0.9,0.1,0.09
3480,MACH-22,SKU-189,97,34,152,2026-01-08,63,0.68,0.65,0.44
6688,MACH-19,SKU-900,481,94,207,2026-02-17,387,0.57,0.8,0.46
9856,MACH-10,SKU-769,307,262,123,2026-01-22,45,0.74,0.15,0.11
7018,MACH-68,SKU-968,86,26,169,2026-01-08,60,0.65,0.7,0.45
9304,MACH-40,SKU-077,428,376,468,2026-02-28,52,0.02,0.12,0.0
5078,MACH-25,SKU-716,551,234,297,2026-01-30,317,0.38,0.58,0.22
5208,MACH-68,SKU-155,324,114,145,2026-01-03,210,0.7,0.65,0.45
2260,MACH-26,SKU-045,178,119,15,2026-02-08,59,0.97,0.33,0.32
8668,MACH-27,SKU-889,104,53,372,2026-01-17,51,0.22,0.49,0.11
6039,MACH-62,SKU-547,111,42,21,2026-01-18,69,0.96,0.62,0.6
2719,MACH-49,SKU-001,398,88,20,2026-02-08,310,0.96,0.78,0.75
7959,MACH-58,SKU-516,322,113,117,2026-01-08,209,0.76,0.65,0.49
6152,MACH-96,SKU-231,229,155,72,2026-01-25,74,0.85,0.32,0.27
6070,MACH-88,SKU-720,331,135,8,2026-01-02,196,0.98,0.59,0.58
4798,MACH-63,SKU-196,276,42,137,2026-02-11,234,0.71,0.85,0.6
6310,MACH-82,SKU-331,469,452,430,2026-02-19,17,0.1,0.04,0.0
2982,MACH-69,SKU-159,180,53,104,2026-02-17,127,0.78,0.71,0.55
3664,MACH-61,SKU-883,368,198,177,2026-01-27,170,0.63,0.46,0.29
7207,MACH-74,SKU-739,54,51,113,2026-01-28,3,0.76,0.06,0.05
8546,MACH-16,SKU-508,376,162,23,2026-01-11,214,0.95,0.57,0.54
9022,MACH-46,SKU-543,205,129,391,2026-01-19,76,0.19,0.37,0.07
3531,MACH-35,SKU-632,39,1,421,2026-01-13,38,0.12,0.97,0.12
7181,MACH-98,SKU-939,415,122,159,2026-01-01,293,0.67,0.71,0.48
9779,MACH-15,SKU-639,435,324,474,2026-02-09,111,0.01,0.26,0.0
7781,MACH-66,SKU-317,150,140,474,2026-01-04,10,0.01,0.07,0.0
9322,MACH-79,SKU-213,355,323,424,2026-01-27,32,0.12,0.09,0.01
1654,MACH-20,SKU-227,56,5,165,2026-01-15,51,0.66,0.91,0.6
7125,MACH-00,SKU-706,398,226,126,2026-01-13,172,0.74,0.43,0.32
7973,MACH-23,SKU-931,476,155,231,2026-01-07,321,0.52,0.67,0.35
6835,MACH-84,SKU-772,484,346,54,2026-01-07,138,0.89,0.29,0.26
8649,MACH-08,SKU-094,86,60,253,2026-01-09,26,0.47,0.3,0.14
2795,MACH-19,SKU-933,175,168,214,2026-01-26,7,0.55,0.04,0.02
8479,MACH-32,SKU-650,57,48,321,2026-01-15,9,0.33,0.16,0.05
3276,MACH-95,SKU-141,308,120,40,2026-01-02,188,0.92,0.61,0.56
7917,MACH-37,SKU-364,330,169,411,2026-02-25,161,0.14,0.49,0.07
4743,MACH-92,SKU-432,85,77,11,2026-02-21,8,0.98,0.09,0.09
4665,MACH-85,SKU-386,287,206,329,2026-02-08,81,0.31,0.28,0.09
5427,MACH-08,SKU-469,336,169,105,2026-01-03,167,0.78,0.5,0.39
9797,MACH-53,SKU-813,458,159,35,2026-01-05,299,0.93,0.65,0.6
8031,MACH-54,SKU-006,52,19,211,2026-02-01,33,0.56,0.63,0.35
2037,MACH-89,SKU-370,71,20,322,2026-02-11,51,0.33,0.72,0.24
6833,MACH-71,SKU-838,547,462,98,2026-02-18,85,0.8,0.16,0.13
4562,MACH-65,SKU-070,415,161,360,2026-01-03,254,0.25,0.61,0.15
5363,MACH-77,SKU-395,366,365,444,2026-02-09,1,0.08,0.0,0.0
4391,MACH-03,SKU-187,480,357,53,2026-01-07,123,0.89,0.26,0.23
4435,MACH-30,SKU-206,229,211,103,2026-03-03,18,0.79,0.08,0.06
1546,MACH-01,SKU-170,68,14,169,2026-03-02,54,0.65,0.79,0.51
7428,MACH-82,SKU-377,285,127,58,2026-01-03,158,0.88,0.55,0.48
3984,MACH-79,SKU-386,485,345,146,2026-02-04,140,0.7,0.29,0.2
6281,MACH-92,SKU-922,404,147,215,2026-02-01,257,0.55,0.64,0.35
4173,MACH-43,SKU-375,547,502,353,2026-01-26,45,0.26,0.08,0.02
1153,MACH-87,SKU-651,260,130,10,2026-02-16,130,0.98,0.5,0.49
5408,MACH-15,SKU-483,152,129,120,2026-01-01,23,0.75,0.15,0.11
8931,MACH-80,SKU-199,15,6,297,2026-01-13,9,0.38,0.6,0.23
6125,MACH-15,SKU-978,318,272,188,2026-02-18,46,0.61,0.14,0.09
1341,MACH-78,SKU-353,459,330,57,2026-01-18,129,0.88,0.28,0.25
6803,MACH-75,SKU-268,507,136,478,2026-01-25,371,0.0,0.73,0.0
1763,MACH-35,SKU-518,408,95,166,2026-01-31,313,0.65,0.77,0.5
1965,MACH-26,SKU-784,233,212,359,2026-02-05,21,0.25,0.09,0.02
4708,MACH-84,SKU-442,195,117,407,2026-02-12,78,0.15,0.4,0.06
9957,MACH-04,SKU-552,547,34,334,2026-02-16,513,0.3,0.94,0.28
7780,MACH-92,SKU-496,224,159,29,2026-02-10,65,0.94,0.29,0.27
8992,MACH-56,SKU-290,256,113,268,2026-01-28,143,0.44,0.56,0.25
6478,MACH-54,SKU-380,149,72,132,2026-01-27,77,0.72,0.52,0.37
9689,MACH-38,SKU-595,420,70,179,2026-02-16,350,0.63,0.83,0.52
3080,MACH-85,SKU-633,451,42,39,2026-01-23,409,0.92,0.91,0.84
1336,MACH-66,SKU-725,169,144,381,2026-01-20,25,0.21,0.15,0.03
1905,MACH-00,SKU-635,321,250,468,2026-01-30,71,0.02,0.22,0.0
2760,MACH-21,SKU-967,209,84,432,2026-01-18,125,0.1,0.6,0.06
4073,MACH-78,SKU-793,420,110,217,2026-01-03,310,0.55,0.74,0.41
5660,MACH-97,SKU-399,147,129,150,2026-03-03,18,0.69,0.12,0.08
1221,MACH-18,SKU-996,457,80,38,2026-01-15,377,0.92,0.82,0.75
1244,MACH-43,SKU-150,173,7,286,2026-01-17,166,0.4,0.96,0.38
8003,MACH-90,SKU-290,93,80,219,2026-01-15,13,0.54,0.14,0.08
8580,MACH-67,SKU-309,458,59,158,2026-02-23,399,0.67,0.87,0.58
5589,MACH-12,SKU-749,539,17,248,2026-02-18,522,0.48,0.97,0.47
1682,MACH-54,SKU-505,374,140,284,2026-02-03,234,0.41,0.63,0.26
5423,MACH-84,SKU-951,515,473,314,2026-01-19,42,0.35,0.08,0.03
6467,MACH-02,SKU-737,337,266,252,2026-02-15,71,0.48,0.21,0.1
2352,MACH-16,SKU-619,550,72,9,2026-02-06,478,0.98,0.87,0.85
5699,MACH-52,SKU-249,537,420,192,2026-01-07,117,0.6,0.22,0.13
8810,MACH-05,SKU-485,273,168,222,2026-02-01,105,0.54,0.38,0.21
2016,MACH-62,SKU-191,387,312,12,2026-01-27,75,0.98,0.19,0.19
3557,MACH-87,SKU-313,330,226,162,2026-02-28,104,0.66,0.32,0.21
9385,MACH-94,SKU-832,229,19,440,2026-02-24,210,0.08,0.92,0.07
6322,MACH-86,SKU-668,362,123,256,2026-03-03,239,0.47,0.66,0.31
2498,MACH-94,SKU-275,178,146,290,2026-03-02,32,0.4,0.18,0.07
1300,MACH-57,SKU-278,429,78,227,2026-02-11,351,0.53,0.82,0.43
6606,MACH-71,SKU-311,492,375,40,2026-01-29,117,0.92,0.24,0.22
9838,MACH-41,SKU-132,503,56,409,2026-02-09,447,0.15,0.89,0.13
4311,MACH-79,SKU-529,205,40,143,2026-02-20,165,0.7,0.8,0.56
1326,MACH-73,SKU-530,503,62,328,2026-02-26,441,0.32,0.88,0.28
7684,MACH-60,SKU-895,71,66,340,2026-02-20,5,0.29,0.07,0.02
4429,MACH-62,SKU-470,180,37,228,2026-01-10,143,0.52,0.79,0.41
2255,MACH-00,SKU-262,461,19,378,2026-02-09,442,0.21,0.96,0.2
9496,MACH-52,SKU-487,241,68,297,2026-01-25,173,0.38,0.72,0.27
2625,MACH-67,SKU-375,451,2,53,2026-01-21,449,0.89,1.0,0.89
8728,MACH-40,SKU-753,241,25,108,2026-01-06,216,0.78,0.9,0.7
9640,MACH-54,SKU-179,290,99,223,2026-01-03,191,0.54,0.66,0.36
7888,MACH-15,SKU-662,15,15,19,2026-02-22,0,0.96,0.0,0.0
4250,MACH-15,SKU-892,37,17,268,2026-01-13,20,0.44,0.54,0.24
8010,MACH-85,SKU-831,382,270,155,2026-02-26,112,0.68,0.29,0.2
9937,MACH-03,SKU-835,145,102,138,2026-01-14,43,0.71,0.3,0.21
7799,MACH-97,SKU-517,533,150,168,2026-01-01,383,0.65,0.72,0.47
5257,MACH-75,SKU-443,480,100,448,2026-01-25,380,0.07,0.79,0.06
2882,MACH-79,SKU-047,250,235,476,2026-01-14,15,0.01,0.06,0.0
7421,MACH-81,SKU-925,129,4,448,2026-01-21,125,0.07,0.97,0.07
5180,MACH-52,SKU-531,193,125,183,2026-02-24,68,0.62,0.35,0.22
6549,MACH-59,SKU-283,93,22,169,2026-01-23,71,0.65,0.76,0.49
3415,MACH-78,SKU-412,465,387,470,2026-01-29,78,0.02,0.17,0.0
6441,MACH-92,SKU-362,354,74,0,2026-01-16,280,1.0,0.79,0.79
7042,MACH-16,SKU-839,336,106,377,2026-02-20,230,0.21,0.68,0.14
7769,MACH-87,SKU-737,385,226,285,2026-03-03,159,0.41,0.41,0.17
6980,MACH-84,SKU-288,517,251,465,2026-02-06,266,0.03,0.51,0.02
1340,MACH-11,SKU-999,133,99,158,2026-01-22,34,0.67,0.26,0.17
2747,MACH-80,SKU-185,315,120,51,2026-02-16,195,0.89,0.62,0.55
1891,MACH-42,SKU-927,350,281,137,2026-01-04,69,0.71,0.2,0.14
2680,MACH-84,SKU-432,125,105,70,2026-01-21,20,0.85,0.16,0.14
8889,MACH-46,SKU-019,287,64,68,2026-01-17,223,0.86,0.78,0.67
3851,MACH-74,SKU-545,541,521,112,2026-02-23,20,0.77,0.04,0.03
6943,MACH-37,SKU-266,447,247,341,2026-02-18,200,0.29,0.45,0.13
6165,MACH-12,SKU-488,72,29,366,2026-01-02,43,0.24,0.6,0.14
2998,MACH-25,SKU-463,78,40,29,2026-02-21,38,0.94,0.49,0.46
1795,MACH-22,SKU-120,106,70,246,2026-01-12,36,0.49,0.34,0.17
3971,MACH-86,SKU-052,413,349,169,2026-01-23,64,0.65,0.15,0.1
8445,MACH-03,SKU-692,284,33,348,2026-01-24,251,0.28,0.88,0.25
2018,MACH-25,SKU-873,334,51,304,2026-03-01,283,0.37,0.85,0.31
3129,MACH-69,SKU-169,353,317,337,2026-01-25,36,0.3,0.1,0.03
9254,MACH-13,SKU-336,457,228,422,2026-02-07,229,0.12,0.5,0.06
9590,MACH-85,SKU-719,170,110,164,2026-01-26,60,0.66,0.35,0.23
2849,MACH-87,SKU-561,446,266,58,2026-01-24,180,0.88,0.4,0.35
9113,MACH-86,SKU-726,172,129,153,2026-01-19,43,0.68,0.25,0.17
9434,MACH-66,SKU-863,46,25,142,2026-02-06,21,0.7,0.46,0.32
3491,MACH-24,SKU-415,317,119,157,2026-02-23,198,0.67,0.62,0.42
8949,MACH-45,SKU-703,491,260,224,2026-01-13,231,0.53,0.47,0.25
8208,MACH-80,SKU-864,320,12,416,2026-01-19,308,0.13,0.96,0.12
2654,MACH-43,SKU-259,254,213,163,2026-03-03,41,0.66,0.16,0.11
3488,MACH-02,SKU-111,352,268,211,2026-02-16,84,0.56,0.24,0.13
8539,MACH-64,SKU-551,47,24,126,2026-02-09,23,0.74,0.49,0.36
4019,MACH-40,SKU-197,273,155,479,2026-01-15,118,0.0,0.43,0.0
5787,MACH-87,SKU-423,216,67,419,2026-01-19,149,0.13,0.69,0.09
4926,MACH-80,SKU-128,555,71,228,2026-01-22,484,0.52,0.87,0.45
2541,MACH-58,SKU-130,152,151,336,2026-02-12,1,0.3,0.01,0.0
7213,MACH-70,SKU-219,83,60,269,2026-01-31,23,0.44,0.28,0.12
4123,MACH-42,SKU-382,28,9,358,2026-01-02,19,0.25,0.68,0.17
8837,MACH-49,SKU-208,207,50,200,2026-01-14,157,0.58,0.76,0.44
3238,MACH-46,SKU-593,471,413,2,2026-02-24,58,1.0,0.12,0.12
9001,MACH-10,SKU-484,503,453,209,2026-02-09,50,0.56,0.1,0.06
7249,MACH-42,SKU-116,75,30,185,2026-01-15,45,0.61,0.6,0.37
2567,MACH-75,SKU-693,314,265,183,2026-03-02,49,0.62,0.16,0.1
1742,MACH-51,SKU-836,337,149,206,2026-01-07,188,0.57,0.56,0.32
6795,MACH-89,SKU-677,131,90,302,2026-01-23,41,0.37,0.31,0.11
5723,MACH-93,SKU-496,440,261,308,2026-01-27,179,0.36,0.41,0.15
4318,MACH-94,SKU-305,283,177,32,2026-02-18,106,0.93,0.37,0.34
8469,MACH-52,SKU-297,86,39,30,2026-01-20,47,0.94,0.55,0.52
2292,MACH-52,SKU-343,200,140,86,2026-02-19,60,0.82,0.3,0.25
1164,MACH-28,SKU-251,553,389,88,2026-01-06,164,0.82,0.3,0.25
4510,MACH-87,SKU-380,398,32,331,2026-02-07,366,0.31,0.92,0.29
9334,MACH-74,SKU-361,346,92,389,2026-02-09,254,0.19,0.73,0.14
1561,MACH-77,SKU-926,478,260,360,2026-01-25,218,0.25,0.46,0.12
6064,MACH-35,SKU-426,195,189,51,2026-01-02,6,0.89,0.03,0.03
2712,MACH-54,SKU-624,453,148,331,2026-02-09,305,0.31,0.67,0.21
9700,MACH-19,SKU-760,319,180,212,2026-01-16,139,0.56,0.44,0.25
2216,MACH-70,SKU-296,495,177,258,2026-01-21,318,0.46,0.64,0.29
9975,MACH-02,SKU-771,370,53,135,2026-02-24,317,0.72,0.86,0.62
5720,MACH-94,SKU-363,64,57,473,2026-01-31,7,0.01,0.11,0.0
6243,MACH-02,SKU-160,349,183,448,2026-01-21,166,0.07,0.48,0.03
5130,MACH-13,SKU-331,76,44,211,2026-01-15,32,0.56,0.42,0.24
4116,MACH-33,SKU-840,133,33,25,2026-01-28,100,0.95,0.75,0.71
7957,MACH-80,SKU-510,428,96,168,2026-02-20,332,0.65,0.78,0.51
8677,MACH-97,SKU-435,147,119,339,2026-02-09,28,0.29,0.19,0.06
1804,MACH-82,SKU-218,435,393,7,2026-02-21,42,0.99,0.1,0.1
1918,MACH-10,SKU-868,206,110,94,2026-01-15,96,0.8,0.47,0.38
3207,MACH-39,SKU-357,55,35,385,2026-01-15,20,0.2,0.36,0.07
4826,MACH-25,SKU-873,29,19,471,2026-01-20,10,0.02,0.34,0.01
1974,MACH-31,SKU-219,343,258,116,2026-02-01,85,0.76,0.25,0.19
6092,MACH-04,SKU-149,273,17,62,2026-02-10,256,0.87,0.94,0.82
9107,MACH-27,SKU-178,428,163,67,2026-01-24,265,0.86,0.62,0.53
2715,MACH-52,SKU-782,214,149,347,2026-02-16,65,0.28,0.3,0.08
8602,MACH-54,SKU-690,318,48,93,2026-01-10,270,0.81,0.85,0.69
2543,MACH-32,SKU-973,245,15,471,2026-02-24,230,0.02,0.94,0.02
3532,MACH-15,SKU-742,157,40,392,2026-02-10,117,0.18,0.75,0.14
9568,MACH-55,SKU-948,108,51,334,2026-02-19,57,0.3,0.53,0.16
4938,MACH-12,SKU-664,96,70,201,2026-02-13,26,0.58,0.27,0.16
9271,MACH-67,SKU-486,563,352,304,2026-01-01,211,0.37,0.37,0.14
2386,MACH-35,SKU-354,328,181,286,2026-02-17,147,0.4,0.45,0.18
5435,MACH-26,SKU-787,381,12,196,2026-02-11,369,0.59,0.97,0.57
6024,MACH-86,SKU-758,449,38,160,2026-02-22,411,0.67,0.92,0.62
6956,MACH-65,SKU-505,195,45,203,2026-02-05,150,0.58,0.77,0.45
6660,MACH-29,SKU-171,237,77,61,2026-01-19,160,0.87,0.68,0.59
5412,MACH-48,SKU-266,478,392,165,2026-01-02,86,0.66,0.18,0.12
5196,MACH-92,SKU-677,531,221,363,2026-02-21,310,0.24,0.58,0.14
2188,MACH-24,SKU-240,496,330,126,2026-01-30,166,0.74,0.33,0.24
6483,MACH-23,SKU-624,127,60,360,2026-02-01,67,0.25,0.53,0.13
6800,MACH-52,SKU-231,369,57,69,2026-02-10,312,0.86,0.85,0.73
6816,MACH-52,SKU-506,260,148,124,2026-02-06,112,0.74,0.43,0.32
4010,MACH-89,SKU-915,167,63,428,2026-02-24,104,0.11,0.62,0.07
5324,MACH-81,SKU-985,11,8,386,2026-02-22,3,0.2,0.27,0.05
5793,MACH-74,SKU-546,441,238,16,2026-02-06,203,0.97,0.46,0.45
2358,MACH-42,SKU-085,221,8,448,2026-02-03,213,0.07,0.96,0.07
1086,MACH-78,SKU-922,16,11,242,2026-01-24,5,0.5,0.31,0.16
6870,MACH-75,SKU-590,44,26,290,2026-01-19,18,0.4,0.41,0.16
4363,MACH-07,SKU-270,119,37,177,2026-01-05,82,0.63,0.69,0.43
2029,MACH-96,SKU-506,211,41,89,2026-01-17,170,0.81,0.81,0.66
1330,MACH-33,SKU-712,340,230,472,2026-02-13,110,0.02,0.32,0.01
2742,MACH-14,SKU-002,560,281,169,2026-02-21,279,0.65,0.5,0.32
5087,MACH-95,SKU-795,309,72,139,2026-02-10,237,0.71,0.77,0.55
7175,MACH-51,SKU-907,80,22,461,2026-02-14,58,0.04,0.72,0.03
4568,MACH-63,SKU-205,375,128,259,2026-02-04,247,0.46,0.66,0.3
6250,MACH-28,SKU-039,503,0,33,2026-02-21,503,0.93,1.0,0.93
5712,MACH-81,SKU-864,135,91,315,2026-01-15,44,0.34,0.33,0.11
3730,MACH-90,SKU-714,24,11,347,2026-02-26,13,0.28,0.54,0.15
4776,MACH-69,SKU-958,18,2,59,2026-02-01,16,0.88,0.89,0.78
1574,MACH-42,SKU-822,190,111,414,2026-02-19,79,0.14,0.42,0.06
9731,MACH-16,SKU-816,425,278,93,2026-01-11,147,0.81,0.35,0.28
3848,MACH-76,SKU-014,118,81,205,2026-01-14,37,0.57,0.31,0.18
4893,MACH-48,SKU-387,302,165,400,2026-02-08,137,0.17,0.45,0.08
6488,MACH-44,SKU-212,514,306,432,2026-01-19,208,0.1,0.4,0.04
8004,MACH-10,SKU-452,236,168,245,2026-01-12,68,0.49,0.29,0.14
6314,MACH-61,SKU-478,130,113,52,2026-02-04,17,0.89,0.13,0.12
9470,MACH-00,SKU-056,410,241,7,2026-01-19,169,0.99,0.41,0.41
7378,MACH-22,SKU-139,126,11,102,2026-01-09,115,0.79,0.91,0.72
3783,MACH-64,SKU-077,405,310,28,2026-02-15,95,0.94,0.23,0.22
3893,MACH-89,SKU-480,144,127,161,2026-01-01,17,0.66,0.12,0.08
2935,MACH-47,SKU-851,68,6,425,2026-02-01,62,0.11,0.91,0.1
1539,MACH-05,SKU-781,376,167,258,2026-03-02,209,0.46,0.56,0.26
1810,MACH-06,SKU-512,527,115,241,2026-01-18,412,0.5,0.78,0.39
2124,MACH-07,SKU-279,338,214,101,2026-01-20,124,0.79,0.37,0.29
5661,MACH-91,SKU-259,91,5,473,2026-02-20,86,0.01,0.95,0.01
2765,MACH-05,SKU-456,361,19,163,2026-01-06,342,0.66,0.95,0.63
7067,MACH-77,SKU-546,155,124,207,2026-02-18,31,0.57,0.2,0.11
6066,MACH-40,SKU-838,130,72,43,2026-02-27,58,0.91,0.45,0.41
2947,MACH-95,SKU-827,470,132,234,2026-02-04,338,0.51,0.72,0.37
5537,MACH-05,SKU-051,148,139,217,2026-02-23,9,0.55,0.06,0.03
3256,MACH-21,SKU-219,172,130,197,2026-02-28,42,0.59,0.24,0.14
9694,MACH-70,SKU-733,39,13,332,2026-02-23,26,0.31,0.67,0.21
9516,MACH-52,SKU-153,361,12,18,2026-02-06,349,0.96,0.97,0.93
9790,MACH-37,SKU-175,213,138,232,2026-03-02,75,0.52,0.35,0.18
3943,MACH-49,SKU-838,222,194,359,2026-02-16,28,0.25,0.13,0.03
5667,MACH-24,SKU-069,548,394,223,2026-02-26,154,0.54,0.28,0.15
5325,MACH-15,SKU-979,254,164,295,2026-01-10,90,0.39,0.35,0.14
7590,MACH-76,SKU-782,8,4,280,2026-01-21,4,0.42,0.5,0.21
9346,MACH-82,SKU-173,206,23,438,2026-01-10,183,0.09,0.89,0.08
4636,MACH-26,SKU-272,259,173,168,2026-02-02,86,0.65,0.33,0.21
7570,MACH-69,SKU-164,497,132,263,2026-01-06,365,0.45,0.73,0.33
8695,MACH-53,SKU-319,109,6,387,2026-02-25,103,0.19,0.94,0.18
2929,MACH-35,SKU-534,230,91,141,2026-02-07,139,0.71,0.6,0.43
7581,MACH-15,SKU-336,512,446,131,2026-02-16,66,0.73,0.13,0.09
7652,MACH-91,SKU-616,142,70,402,2026-02-28,72,0.16,0.51,0.08
9622,MACH-80,SKU-921,304,133,112,2026-02-28,171,0.77,0.56,0.43
6858,MACH-40,SKU-607,382,12,223,2026-02-12,370,0.54,0.97,0.52
9211,MACH-28,SKU-219,390,319,147,2026-02-10,71,0.69,0.18,0.12
3290,MACH-93,SKU-364,10,9,85,2026-01-03,1,0.82,0.1,0.08
1589,MACH-54,SKU-994,190,109,449,2026-01-17,81,0.06,0.43,0.03
2792,MACH-48,SKU-020,166,9,261,2026-01-16,157,0.46,0.95,0.44
1731,MACH-29,SKU-037,347,254,402,2026-02-06,93,0.16,0.27,0.04
9156,MACH-89,SKU-233,264,25,305,2026-01-24,239,0.36,0.91,0.33
8831,MACH-23,SKU-237,58,35,462,2026-02-08,23,0.04,0.4,0.02
1998,MACH-18,SKU-107,158,67,261,2026-01-05,91,0.46,0.58,0.27
2921,MACH-38,SKU-543,123,122,139,2026-01-31,1,0.71,0.01,0.01
1472,MACH-27,SKU-871,195,14,81,2026-02-28,181,0.83,0.93,0.77
1523,MACH-82,SKU-114,210,119,224,2026-01-07,91,0.53,0.43,0.23
3242,MACH-65,SKU-309,449,406,185,2026-01-15,43,0.61,0.1,0.06
7292,MACH-16,SKU-184,120,73,127,2026-02-03,47,0.74,0.39,0.29
5763,MACH-61,SKU-230,510,493,156,2026-01-06,17,0.68,0.03,0.02
4744,MACH-61,SKU-725,117,103,387,2026-02-24,14,0.19,0.12,0.02
7082,MACH-24,SKU-501,134,81,124,2026-01-27,53,0.74,0.4,0.3
7761,MACH-27,SKU-561,358,55,0,2026-03-02,303,1.0,0.85,0.85
3735,MACH-21,SKU-551,249,221,463,2026-01-14,28,0.04,0.11,0.0
7271,MACH-26,SKU-676,395,136,332,2026-01-17,259,0.31,0.66,0.2
5406,MACH-55,SKU-536,503,441,140,2026-01-25,62,0.71,0.12,0.09
8482,MACH-86,SKU-743,552,19,276,2026-02-17,533,0.42,0.97,0.41
5895,MACH-64,SKU-545,531,60,66,2026-01-31,471,0.86,0.89,0.77
6037,MACH-67,SKU-601,496,492,288,2026-01-05,4,0.4,0.01,0.0
7126,MACH-85,SKU-202,263,131,294,2026-02-20,132,0.39,0.5,0.2
8498,MACH-48,SKU-927,100,31,16,2026-03-01,69,0.97,0.69,0.67
5287,MACH-68,SKU-474,212,12,63,2026-02-22,200,0.87,0.94,0.82
3842,MACH-38,SKU-411,255,152,153,2026-02-25,103,0.68,0.4,0.27
1223,MACH-20,SKU-134,18,7,437,2026-02-21,11,0.09,0.61,0.05
7792,MACH-05,SKU-412,238,13,70,2026-02-11,225,0.85,0.95,0.81
9919,MACH-66,SKU-274,97,39,59,2026-02-02,58,0.88,0.6,0.53
9366,MACH-33,SKU-750,237,124,86,2026-02-19,113,0.82,0.48,0.39
2847,MACH-75,SKU-747,467,61,147,2026-01-19,406,0.69,0.87,0.6
9160,MACH-61,SKU-475,302,162,455,2026-02-28,140,0.05,0.46,0.02
9826,MACH-56,SKU-905,468,276,360,2026-02-21,192,0.25,0.41,0.1
3873,MACH-15,SKU-540,512,65,163,2026-01-24,447,0.66,0.87,0.57
5293,MACH-77,SKU-467,388,36,371,2026-01-05,352,0.23,0.91,0.21
1438,MACH-96,SKU-508,407,248,304,2026-01-31,159,0.37,0.39,0.14
4035,MACH-29,SKU-328,246,15,475,2026-02-01,231,0.01,0.94,0.01
9236,MACH-97,SKU-644,47,34,151,2026-01-30,13,0.69,0.28,0.19
4886,MACH-20,SKU-953,155,30,47,2026-01-16,125,0.9,0.81,0.73
5811,MACH-23,SKU-196,31,28,128,2026-01-22,3,0.73,0.1,0.07
2962,MACH-76,SKU-817,153,112,16,2026-02-10,41,0.97,0.27,0.26
9512,MACH-91,SKU-315,453,90,190,2026-02-21,363,0.6,0.8,0.48
4478,MACH-71,SKU-787,201,162,245,2026-01-22,39,0.49,0.19,0.09
2231,MACH-53,SKU-986,459,48,46,2026-01-16,411,0.9,0.9,0.81
4768,MACH-76,SKU-697,146,32,325,2026-01-18,114,0.32,0.78,0.25
7580,MACH-62,SKU-331,437,253,56,2026-02-21,184,0.88,0.42,0.37
6831,MACH-58,SKU-212,214,145,368,2026-02-01,69,0.23,0.32,0.07
3729,MACH-73,SKU-305,237,108,387,2026-02-13,129,0.19,0.54,0.1
8017,MACH-51,SKU-712,142,22,460,2026-02-02,120,0.04,0.85,0.03
1883,MACH-32,SKU-483,548,145,473,2026-02-15,403,0.01,0.74,0.01
1904,MACH-38,SKU-861,490,91,325,2026-02-26,399,0.32,0.81,0.26
7788,MACH-51,SKU-556,321,141,403,2026-02-23,180,0.16,0.56,0.09
9129,MACH-20,SKU-353,542,428,206,2026-02-06,114,0.57,0.21,0.12
3758,MACH-21,SKU-181,7,1,6,2026-01-04,6,0.99,0.86,0.85
2529,MACH-79,SKU-594,37,9,313,2026-02-14,28,0.35,0.76,0.27
3363,MACH-23,SKU-285,354,237,284,2026-02-13,117,0.41,0.33,0.14
5351,MACH-74,SKU-217,273,80,231,2026-01-24,193,0.52,0.71,0.37
4716,MACH-67,SKU-677,358,182,167,2026-02-26,176,0.65,0.49,0.32
8124,MACH-43,SKU-055,515,264,273,2026-01-31,251,0.43,0.49,0.21
1615,MACH-32,SKU-099,88,9,130,2026-02-02,79,0.73,0.9,0.66
1329,MACH-46,SKU-650,532,73,167,2026-02-26,459,0.65,0.86,0.56
9522,MACH-82,SKU-678,159,58,475,2026-01-26,101,0.01,0.64,0.01
3434,MACH-09,SKU-242,101,38,141,2026-01-18,63,0.71,0.62,0.44
8778,MACH-23,SKU-147,395,380,253,2026-01-24,15,0.47,0.04,0.02
3868,MACH-14,SKU-286,214,183,83,2026-01-10,31,0.83,0.14,0.12
9961,MACH-03,SKU-212,327,174,310,2026-02-21,153,0.35,0.47,0.16
1773,MACH-24,SKU-618,20,8,158,2026-01-10,12,0.67,0.6,0.4
5064,MACH-79,SKU-429,54,26,46,2026-02-08,28,0.9,0.52,0.47
3222,MACH-01,SKU-632,36,28,291,2026-01-21,8,0.39,0.22,0.09
3169,MACH-40,SKU-135,352,115,350,2026-02-09,237,0.27,0.67,0.18
2807,MACH-73,SKU-421,526,221,78,2026-01-08,305,0.84,0.58,0.49
8096,MACH-68,SKU-156,546,315,47,2026-01-29,231,0.9,0.42,0.38
8059,MACH-25,SKU-347,388,286,420,2026-01-09,102,0.12,0.26,0.03
3449,MACH-85,SKU-712,141,137,102,2026-02-06,4,0.79,0.03,0.02
4049,MACH-42,SKU-892,472,177,434,2026-01-01,295,0.1,0.62,0.06
7157,MACH-61,SKU-876,512,352,89,2026-02-04,160,0.81,0.31,0.25
1486,MACH-11,SKU-796,428,182,108,2026-02-11,246,0.78,0.57,0.44
3962,MACH-91,SKU-621,387,270,323,2026-01-27,117,0.33,0.3,0.1
4932,MACH-12,SKU-289,112,75,322,2026-02-02,37,0.33,0.33,0.11
5214,MACH-24,SKU-689,557,83,285,2026-01-15,474,0.41,0.85,0.35
8434,MACH-50,SKU-830,276,22,437,2026-01-14,254,0.09,0.92,0.08
5312,MACH-63,SKU-613,193,77,128,2026-03-01,116,0.73,0.6,0.44
9915,MACH-01,SKU-275,374,12,311,2026-01-10,362,0.35,0.97,0.34
9740,MACH-12,SKU-247,172,152,447,2026-02-23,20,0.07,0.12,0.01
5595,MACH-12,SKU-110,48,13,25,2026-02-03,35,0.95,0.73,0.69
9057,MACH-23,SKU-854,437,74,176,2026-01-10,363,0.63,0.83,0.52
9383,MACH-29,SKU-648,149,42,121,2026-02-05,107,0.75,0.72,0.54
9078,MACH-70,SKU-782,8,5,291,2026-01-03,3,0.39,0.38,0.15
4668,MACH-65,SKU-674,72,33,433,2026-01-25,39,0.1,0.54,0.05
3528,MACH-90,SKU-898,367,340,293,2026-01-13,27,0.39,0.07,0.03
3840,MACH-32,SKU-319,457,225,317,2026-02-01,232,0.34,0.51,0.17
2752,MACH-39,SKU-171,538,184,287,2026-01-11,354,0.4,0.66,0.26
9885,MACH-01,SKU-118,390,358,161,2026-02-02,32,0.66,0.08,0.05
6207,MACH-20,SKU-602,96,15,292,2026-02-15,81,0.39,0.84,0.33
6500,MACH-23,SKU-312,517,230,402,2026-01-30,287,0.16,0.56,0.09
4542,MACH-96,SKU-028,546,245,95,2026-03-02,301,0.8,0.55,0.44
4364,MACH-36,SKU-077,172,22,472,2026-02-16,150,0.02,0.87,0.02
3201,MACH-64,SKU-782,397,234,281,2026-01-22,163,0.41,0.41,0.17
2670,MACH-73,SKU-878,512,385,270,2026-02-26,127,0.44,0.25,0.11
1588,MACH-48,SKU-334,197,174,311,2026-02-10,23,0.35,0.12,0.04
5284,MACH-12,SKU-774,559,447,460,2026-02-20,112,0.04,0.2,0.01
5090,MACH-85,SKU-540,96,69,269,2026-01-24,27,0.44,0.28,0.12
