operator_id,machine_id,product_id,units_produced,defects,downtime_minutes,timestamp
9201,MACH-16,SKU-015,484,289,134,2026-01-06
4202,MACH-83,SKU-873,335,109,155,2026-02-24
5340,MACH-47,SKU-472,327,203,250,2026-02-22
7585,MACH-84,SKU-322,544,137,455,2026-01-02
6902,MACH-65,SKU-312,516,475,292,2026-01-24
7423,MACH-82,SKU-999,424,382,459,2026-01-07
9901,MACH-05,SKU-558,481,443,446,2026-02-11
5394,MACH-81,SKU-030,60,20,52,2026-02-27
3053,MACH-71,SKU-139,186,37,127,2026-02-25
8779,MACH-08,SKU-705,421,248,77,2026-02-22
9070,MACH-85,SKU-724,529,423,57,2026-02-04
6611,MACH-13,SKU-731,219,125,237,2026-01-23
4313,MACH-49,SKU-501,81,27,406,2026-01-09
2458,MACH-88,SKU-565,90,71,437,2026-01-25
1532,MACH-53,SKU-881,460,338,205,2026-02-01
7354,MACH-60,SKU-564,316,123,305,2026-02-16
3175,MACH-33,SKU-864,389,102,77,2026-02-13
4696,MACH-53,SKU-501,87,32,50,2026-01-15
3330,MACH-06,SKU-159,18,18,467,2026-01-16
7717,MACH-72,SKU-656,107,8,311,2026-01-20
3572,MACH-53,SKU-724,478,129,278,2026-01-25
9977,MACH-80,SKU-299,445,365,293,2026-01-25
7313,MACH-91,SKU-256,532,276,169,2026-01-19
4134,MACH-35,SKU-948,65,36,156,2026-02-04
2215,MACH-04,SKU-806,538,489,193,2026-01-31
3312,MACH-33,SKU-453,266,261,310,2026-02-25
3743,MACH-75,SKU-132,225,55,139,2026-01-28
2109,MACH-50,SKU-063,296,241,132,2026-02-19
1069,MACH-78,SKU-942,71,0,195,2026-02-28
7259,MACH-28,SKU-267,57,25,245,2026-02-04
6220,MACH-11,SKU-954,407,229,131,2026-02-12
1238,MACH-39,SKU-793,548,445,164,2026-02-19
1866,MACH-23,SKU-486,435,349,59,2026-02-18
3163,MACH-86,SKU-733,327,195,195,2026-02-19
8798,MACH-91,SKU-207,217,74,390,2026-02-01
8694,MACH-64,SKU-291,413,402,436,2026-02-08
8139,MACH-25,SKU-940,525,304,229,2026-02-02
9682,MACH-67,SKU-994,389,299,201,2026-02-23
6511,MACH-99,SKU-113,19,14,53,2026-03-01
7605,MACH-01,SKU-284,149,123,200,2026-01-31
9030,MACH-46,SKU-989,132,51,34,2026-01-07
9234,MACH-82,SKU-074,159,63,34,2026-02-26
3197,MACH-12,SKU-312,128,68,58,2026-02-05
3366,MACH-31,SKU-585,251,62,51,2026-01-01
2991,MACH-92,SKU-044,530,311,124,2026-01-11
3180,MACH-22,SKU-704,6,6,267,2026-02-06
7046,MACH-36,SKU-977,123,26,107,2026-02-12
2197,MACH-28,SKU-296,467,3,263,2026-01-22
7268,MACH-10,SKU-879,185,185,150,2026-02-27
2093,MACH-41,SKU-942,240,204,349,2026-02-10
4258,MACH-70,SKU-548,522,346,450,2026-01-06
2522,MACH-25,SKU-393,477,310,460,2026-02-02
2614,MACH-36,SKU-241,21,6,335,2026-01-24
7560,MACH-01,SKU-707,387,301,153,2026-03-01
3935,MACH-30,SKU-402,490,332,324,2026-01-03
6468,MACH-85,SKU-122,559,314,10,2026-01-12
6920,MACH-72,SKU-670,377,203,404,2026-01-08
2001,MACH-23,SKU-905,185,38,91,2026-02-28
7721,MACH-35,SKU-325,7,0,421,2026-02-11
1796,MACH-26,SKU-762,506,238,282,2026-02-12
9675,MACH-51,SKU-268,16,0,86,2026-02-18
9238,MACH-41,SKU-353,328,246,217,2026-01-06
2104,MACH-24,SKU-481,186,54,332,2026-01-10
9479,MACH-49,SKU-264,254,86,191,2026-02-24
4135,MACH-88,SKU-630,347,49,125,2026-01-11
6196,MACH-97,SKU-294,162,41,180,2026-01-15
7858,MACH-64,SKU-809,436,98,457,2026-02-09
5764,MACH-76,SKU-595,511,226,89,2026-01-21
6563,MACH-52,SKU-186,291,289,137,2026-01-25
9657,MACH-48,SKU-152,320,35,151,2026-01-03
7091,MACH-44,SKU-289,405,398,474,2026-02-13
7713,MACH-09,SKU-446,397,126,122,2026-01-03
7971,MACH-95,SKU-984,508,393,217,2026-01-02
7841,MACH-12,SKU-825,413,308,281,2026-02-14
3630,MACH-59,SKU-146,6,6,189,2026-02-03
7441,MACH-08,SKU-444,355,353,345,2026-01-27
4213,MACH-37,SKU-246,272,14,4,2026-01-09
8767,MACH-51,SKU-395,255,178,100,2026-01-03
5338,MACH-63,SKU-867,523,489,469,2026-01-04
1376,MACH-14,SKU-319,242,147,444,2026-02-19
5995,MACH-54,SKU-537,340,225,247,2026-02-17
2328,MACH-18,SKU-004,477,46,320,2026-02-20
9732,MACH-52,SKU-146,134,77,435,2026-02-12
6443,MACH-19,SKU-767,98,31,213,2026-02-23
6029,MACH-76,SKU-862,85,85,342,2026-02-18
7225,MACH-67,SKU-490,362,54,238,2026-01-30
9337,MACH-89,SKU-791,465,184,285,2026-02-01
3085,MACH-39,SKU-710,97,75,419,2026-01-01
5181,MACH-25,SKU-985,333,53,365,2026-02-02
2155,MACH-53,SKU-925,47,5,225,2026-02-04
4255,MACH-27,SKU-462,494,201,111,2026-01-29
2585,MACH-47,SKU-584,389,15,161,2026-02-14
9970,MACH-28,SKU-154,318,201,36,2026-01-13
5028,MACH-63,SKU-660,342,245,465,2026-02-04
5149,MACH-10,SKU-663,551,53,258,2026-01-10
5154,MACH-47,SKU-674,235,180,281,2026-03-02
4220,MACH-06,SKU-144,176,82,189,2026-02-10
6315,MACH-90,SKU-617,406,295,446,2026-01-18
4267,MACH-26,SKU-109,206,66,19,2026-01-22
6253,MACH-34,SKU-696,338,136,317,2026-01-23
9244,MACH-71,SKU-019,557,9,203,2026-01-19
7648,MACH-97,SKU-942,160,30,63,2026-02-01
4102,MACH-39,SKU-317,63,40,200,2026-01-18
3793,MACH-02,SKU-095,493,287,275,2026-01-14
4471,MACH-12,SKU-555,504,383,270,2026-02-08
5304,MACH-21,SKU-792,12,10,278,2026-03-03
3632,MACH-32,SKU-538,520,116,118,2026-02-19
1770,MACH-70,SKU-307,455,298,271,2026-02-15
6458,MACH-09,SKU-809,417,356,20,2026-01-29
2497,MACH-07,SKU-521,492,474,146,2026-02-22
9902,MACH-17,SKU-157,195,11,419,2026-01-22
2424,MACH-45,SKU-824,486,27,292,2026-01-25
1544,MACH-67,SKU-572,334,35,97,2026-02-26
3932,MACH-32,SKU-664,119,81,211,2026-01-14
9799,MACH-17,SKU-909,510,332,435,2026-02-12
8207,MACH-83,SKU-579,368,150,452,2026-02-21
3364,MACH-09,SKU-671,417,11,127,2026-01-04
5871,MACH-06,SKU-604,321,65,479,2026-03-02
5472,MACH-75,SKU-644,347,276,343,2026-02-11
2077,MACH-37,SKU-468,71,37,349,2026-02-02
5331,MACH-05,SKU-084,205,13,54,2026-02-15
7059,MACH-87,SKU-280,447,375,282,2026-02-03
1873,MACH-56,SKU-941,124,86,355,2026-01-07
8401,MACH-58,SKU-056,0,0,305,2026-02-03
5771,MACH-23,SKU-776,527,402,181,2026-02-09
3111,MACH-70,SKU-839,85,39,245,2026-01-23
1151,MACH-57,SKU-067,194,53,273,2026-02-15
8444,MACH-43,SKU-928,84,72,388,2026-01-11
6824,MACH-35,SKU-969,484,261,65,2026-01-26
4062,MACH-10,SKU-055,433,218,290,2026-01-13
5528,MACH-23,SKU-017,110,100,145,2026-02-10
4360,MACH-54,SKU-559,526,404,475,2026-01-16
4903,MACH-61,SKU-285,452,380,266,2026-02-02
3951,MACH-18,SKU-739,422,220,218,2026-02-10
7426,MACH-20,SKU-499,265,9,28,2026-01-29
8271,MACH-82,SKU-068,90,68,76,2026-01-29
9994,MACH-00,SKU-763,446,443,232,2026-01-17
8175,MACH-28,SKU-676,94,28,118,2026-03-02
1211,MACH-46,SKU-587,110,21,438,2026-01-09
4065,MACH-96,SKU-784,324,66,422,2026-03-03
7786,MACH-79,SKU-338,491,354,59,2026-01-11
4971,MACH-02,SKU-005,156,57,187,2026-01-31
9499,MACH-90,SKU-201,556,507,108,2026-02-27
1324,MACH-08,SKU-294,317,30,266,2026-01-14
1286,MACH-95,SKU-807,99,11,109,2026-01-14
2208,MACH-89,SKU-102,338,161,177,2026-01-05
7403,MACH-40,SKU-953,327,24,161,2026-02-06
3820,MACH-46,SKU-521,453,9,24,2026-01-23
1246,MACH-04,SKU-025,116,44,472,2026-01-29
4813,MACH-77,SKU-974,76,37,163,2026-01-11
1938,MACH-33,SKU-321,213,186,467,2026-02-10
6194,MACH-44,SKU-229,478,160,24,2026-02-11
2357,MACH-56,SKU-999,171,162,15,2026-02-20
2878,MACH-26,SKU-756,503,210,96,2026-01-20
9209,MACH-87,SKU-400,105,77,156,2026-02-15
7516,MACH-33,SKU-404,329,112,410,2026-02-10
7376,MACH-64,SKU-133,476,261,443,2026-01-27
7678,MACH-52,SKU-062,441,284,265,2026-02-04
8427,MACH-95,SKU-919,88,31,106,2026-01-22
3568,MACH-15,SKU-866,123,34,139,2026-02-23
8596,MACH-76,SKU-459,68,21,267,2026-02-14
5010,MACH-05,SKU-087,359,18,363,2026-02-08
9199,MACH-64,SKU-894,290,154,273,2026-02-06
8558,MACH-41,SKU-433,24,9,250,2026-02-17
3439,MACH-38,SKU-571,43,15,106,2026-01-28
9588,MACH-81,SKU-620,185,75,296,2026-02-14
3809,MACH-04,SKU-864,535,190,189,2026-02-22
5439,MACH-45,SKU-161,274,118,146,2026-02-14
1425,MACH-39,SKU-568,160,57,66,2026-02-13
4767,MACH-78,SKU-325,342,169,151,2026-02-11
2968,MACH-24,SKU-498,339,84,364,2026-02-26
2054,MACH-02,SKU-926,532,114,200,2026-01-30
6787,MACH-24,SKU-059,229,138,54,2026-02-28
6709,MACH-48,SKU-773,484,263,130,2026-02-15
6214,MACH-89,SKU-956,441,423,248,2026-01-15
9897,MACH-39,SKU-660,224,20,306,2026-01-13
1946,MACH-19,SKU-856,429,177,81,2026-01-19
9249,MACH-09,SKU-238,178,82,181,2026-02-03
9194,MACH-85,SKU-642,253,190,277,2026-02-09
2643,MACH-95,SKU-937,44,1,332,2026-02-16
2726,MACH-28,SKU-594,326,154,296,2026-02-25
3916,MACH-36,SKU-481,179,102,278,2026-01-11
3965,MACH-77,SKU-348,492,460,343,2026-02-08
4888,MACH-24,SKU-265,453,114,376,2026-01-21
1290,MACH-31,SKU-218,313,29,337,2026-01-17
1966,MACH-05,SKU-067,298,140,384,2026-01-29
5924,MACH-64,SKU-084,45,42,305,2026-01-13
1646,MACH-90,SKU-482,497,141,462,2026-02-20
7646,MACH-65,SKU-858,339,5,14,2026-01-28
8711,MACH-19,SKU-951,61,21,102,2026-01-17
7733,MACH-98,SKU-677,224,116,255,2026-02-23
3805,MACH-99,SKU-158,463,462,190,2026-02-12
7644,MACH-37,SKU-679,74,59,352,2026-01-06
2461,MACH-59,SKU-072,353,238,152,2026-03-03
7288,MACH-11,SKU-778,61,36,411,2026-02-02
5702,MACH-81,SKU-523,450,121,158,2026-03-02
5334,MACH-72,SKU-615,452,5,17,2026-01-24
7589,MACH-35,SKU-987,249,218,403,2026-02-16
5546,MACH-78,SKU-427,81,52,186,2026-02-09
7133,MACH-58,SKU-747,358,219,390,2026-03-01
1096,MACH-24,SKU-211,404,317,395,2026-01-07
4810,MACH-66,SKU-386,14,3,66,2026-02-21
5348,MACH-14,SKU-644,302,293,48,2026-02-01
2362,MACH-61,SKU-612,146,33,469,2026-01-08
8480,MACH-93,SKU-843,224,74,86,2026-01-25
1225,MACH-57,SKU-100,77,15,95,2026-01-06
3720,MACH-92,SKU-915,88,5,349,2026-02-18
8723,MACH-56,SKU-007,352,62,460,2026-01-02
6597,MACH-69,SKU-475,47,24,341,2026-01-02
8737,MACH-99,SKU-634,71,59,85,2026-01-30
5645,MACH-90,SKU-905,285,197,422,2026-01-15
5555,MACH-97,SKU-148,142,102,7,2026-01-28
9827,MACH-85,SKU-287,318,10,119,2026-02-01
6385,MACH-73,SKU-964,132,8,58,2026-01-27
8211,MACH-48,SKU-935,144,4,93,2026-01-10
1437,MACH-62,SKU-402,295,112,321,2026-01-10
3710,MACH-62,SKU-946,331,164,249,2026-01-30
6266,MACH-05,SKU-033,221,38,379,2026-01-28
4943,MACH-31,SKU-699,216,31,391,2026-01-17
9544,MACH-34,SKU-441,32,30,326,2026-02-19
3502,MACH-47,SKU-520,127,52,92,2026-03-03
9529,MACH-69,SKU-582,366,51,238,2026-02-01
1257,MACH-30,SKU-983,8,7,397,2026-01-04
2857,MACH-99,SKU-091,341,46,152,2026-01-10
2631,MACH-65,SKU-016,454,352,328,2026-02-26
4158,MACH-69,SKU-605,475,287,129,2026-02-12
8579,MACH-90,SKU-185,94,65,437,2026-01-12
5639,MACH-06,SKU-520,537,363,49,2026-02-24
3895,MACH-88,SKU-199,493,188,45,2026-03-02
2438,MACH-83,SKU-190,396,175,430,2026-02-25
2914,MACH-30,SKU-427,338,240,321,2026-02-26
4162,MACH-64,SKU-075,561,216,408,2026-01-27
2711,MACH-36,SKU-913,198,6,242,2026-02-14
6585,MACH-09,SKU-582,226,22,184,2026-01-23
4526,MACH-53,SKU-127,456,35,398,2026-01-05
1273,MACH-57,SKU-161,354,24,427,2026-01-15
1611,MACH-86,SKU-592,256,12,421,2026-02-10
8877,MACH-71,SKU-619,156,46,440,2026-02-08
6025,MACH-09,SKU-845,23,20,278,2026-03-03
9433,MACH-32,SKU-436,211,186,197,2026-02-25
1902,MACH-29,SKU-360,366,23,37,2026-02-22
6950,MACH-84,SKU-629,547,431,56,2026-01-10
1426,MACH-40,SKU-438,244,144,42,2026-01-31
5333,MACH-69,SKU-172,217,51,162,2026-02-01
4584,MACH-15,SKU-314,203,173,327,2026-01-04
5607,MACH-41,SKU-116,526,479,282,2026-01-31
7551,MACH-86,SKU-251,259,98,81,2026-01-04
3429,MACH-95,SKU-027,74,67,21,2026-01-22
7158,MACH-97,SKU-089,91,24,166,2026-01-03
5998,MACH-86,SKU-873,162,38,199,2026-01-04
7364,MACH-56,SKU-035,277,2,227,2026-02-25
9973,MACH-87,SKU-254,123,92,158,2026-01-05
8893,MACH-30,SKU-930,39,34,199,2026-01-08
4341,MACH-98,SKU-947,208,134,321,2026-03-02
5892,MACH-91,SKU-442,256,38,454,2026-02-18
1417,MACH-87,SKU-206,309,132,156,2026-01-16
5301,MACH-40,SKU-986,347,135,168,2026-02-12
6629,MACH-98,SKU-628,456,122,50,2026-02-05
9060,MACH-72,SKU-195,306,33,404,2026-02-02
9650,MACH-04,SKU-050,500,102,272,2026-02-22
1748,MACH-16,SKU-546,55,13,398,2026-01-16
3067,MACH-38,SKU-334,449,411,37,2026-02-14
4820,MACH-14,SKU-633,10,8,36,2026-01-27
6784,MACH-76,SKU-333,30,18,369,2026-02-01
5176,MACH-61,SKU-611,482,427,239,2026-01-18
7507,MACH-30,SKU-567,312,124,292,2026-01-14
3540,MACH-68,SKU-384,146,29,174,2026-01-03
2517,MACH-94,SKU-928,238,211,253,2026-02-04
6447,MACH-07,SKU-076,370,181,194,2026-01-17
2574,MACH-99,SKU-125,319,309,304,2026-02-04
8567,MACH-45,SKU-017,257,60,267,2026-01-22
3124,MACH-52,SKU-842,78,64,130,2026-02-05
3737,MACH-24,SKU-630,266,65,15,2026-02-10
5862,MACH-43,SKU-389,222,31,122,2026-01-07
8502,MACH-11,SKU-773,321,254,103,2026-02-28
1147,MACH-79,SKU-487,112,48,324,2026-01-02
6487,MACH-75,SKU-311,154,123,463,2026-01-14
8846,MACH-85,SKU-792,195,77,410,2026-02-24
4110,MACH-18,SKU-398,110,78,382,2026-01-21
1816,MACH-37,SKU-360,13,9,283,2026-02-06
9355,MACH-66,SKU-879,462,369,10,2026-01-25
5713,MACH-93,SKU-779,24,19,166,2026-01-03
3246,MACH-52,SKU-923,235,105,174,2026-01-21
3719,MACH-39,SKU-522,134,93,157,2026-02-21
3879,MACH-98,SKU-869,375,366,107,2026-01-02
3392,MACH-19,SKU-374,423,316,179,2026-01-14
8542,MACH-81,SKU-322,118,18,480,2026-01-30
2607,MACH-38,SKU-662,141,7,258,2026-02-14
7625,MACH-79,SKU-918,352,48,437,2026-02-16
6109,MACH-58,SKU-677,551,78,310,2026-01-21
8079,MACH-71,SKU-264,328,92,58,2026-01-05
4596,MACH-50,SKU-130,318,180,146,2026-01-07
9401,MACH-14,SKU-057,425,137,291,2026-02-28
8674,MACH-69,SKU-739,244,171,28,2026-02-15
3731,MACH-93,SKU-824,281,150,152,2026-01-06
6523,MACH-96,SKU-644,392,350,34,2026-01-07
1777,MACH-51,SKU-350,138,9,469,2026-01-25
9882,MACH-53,SKU-542,21,21,407,2026-01-27
6889,MACH-97,SKU-856,420,182,443,2026-02-23
7850,MACH-05,SKU-101,441,346,171,2026-03-03
9708,MACH-37,SKU-703,37,30,409,2026-02-06
6251,MACH-70,SKU-428,519,77,50,2026-01-06
4821,MACH-52,SKU-776,225,221,132,2026-02-08
4634,MACH-18,SKU-383,544,520,223,2026-02-09
7778,MACH-30,SKU-238,458,421,376,2026-01-12
5678,MACH-56,SKU-733,64,48,246,2026-01-17
2470,MACH-56,SKU-258,388,195,240,2026-02-06
9854,MACH-26,SKU-635,45,41,420,2026-01-12
1220,MACH-22,SKU-847,534,81,313,2026-02-06
5485,MACH-48,SKU-209,445,225,108,2026-01-27
7105,MACH-38,SKU-262,13,8,384,2026-01-17
7145,MACH-66,SKU-801,81,73,430,2026-02-06
3437,MACH-04,SKU-461,381,307,72,2026-01-27
4422,MACH-82,SKU-889,172,7,252,2026-02-01
4292,MACH-23,SKU-313,248,65,263,2026-02-10
7100,MACH-65,SKU-413,66,39,141,2026-02-06
3744,MACH-01,SKU-176,557,262,251,2026-01-19
6176,MACH-81,SKU-427,503,224,416,2026-01-13
2243,MACH-44,SKU-307,184,32,118,2026-01-20
2709,MACH-93,SKU-205,132,113,193,2026-02-15
3617,MACH-10,SKU-706,237,216,174,2026-01-08
1591,MACH-03,SKU-526,275,272,313,2026-01-03
2725,MACH-50,SKU-362,301,116,138,2026-03-02
1829,MACH-83,SKU-917,151,69,181,2026-01-31
7556,MACH-26,SKU-319,449,365,452,2026-01-01
7509,MACH-59,SKU-736,193,144,68,2026-01-10
1019,MACH-73,SKU-510,309,37,123,2026-01-12
7204,MACH-28,SKU-773,196,76,326,2026-02-26
5389,MACH-21,SKU-195,169,48,397,2026-02-09
6946,MACH-83,SKU-046,482,380,403,2026-01-16
5279,MACH-94,SKU-102,470,418,187,2026-01-29
5734,MACH-57,SKU-557,534,472,353,2026-01-18
6259,MACH-08,SKU-582,363,31,399,2026-02-01
1483,MACH-83,SKU-087,205,62,396,2026-02-07
7541,MACH-71,SKU-015,209,126,409,2026-01-11
2552,MACH-69,SKU-480,482,78,420,2026-01-14
4877,MACH-92,SKU-291,11,11,338,2026-01-01
8656,MACH-89,SKU-759,546,464,179,2026-02-02
3421,MACH-93,SKU-816,475,328,458,2026-02-13
7022,MACH-62,SKU-948,128,19,107,2026-02-09
7657,MACH-84,SKU-823,38,12,326,2026-01-27
8140,MACH-14,SKU-572,352,251,479,2026-02-20
1274,MACH-85,SKU-841,425,110,352,2026-01-27
2136,MACH-68,SKU-634,19,10,464,2026-02-23
9188,MACH-86,SKU-792,76,2,321,2026-01-10
6339,MACH-51,SKU-131,121,102,126,2026-01-08
1969,MACH-19,SKU-845,285,98,280,2026-01-15
6049,MACH-24,SKU-228,378,287,56,2026-02-12
9652,MACH-50,SKU-349,118,48,222,2026-02-21
9805,MACH-90,SKU-436,455,164,396,2026-02-21
1641,MACH-02,SKU-545,230,4,386,2026-02-21
1736,MACH-00,SKU-907,528,114,233,2026-02-15
7573,MACH-72,SKU-558,30,23,158,2026-02-18
8746,MACH-28,SKU-473,390,169,96,2026-02-23
6399,MACH-72,SKU-599,275,22,45,2026-01-01
9532,MACH-76,SKU-800,419,74,285,2026-01-18
3662,MACH-13,SKU-082,23,13,100,2026-01-02
9816,MACH-83,SKU-407,435,68,414,2026-02-01
8493,MACH-65,SKU-196,401,80,371,2026-01-22
7088,MACH-66,SKU-263,414,369,257,2026-03-03
8958,MACH-87,SKU-172,545,523,214,2026-02-16
4314,MACH-57,SKU-657,98,61,428,2026-02-25
7629,MACH-80,SKU-502,376,376,389,2026-02-27
1377,MACH-00,SKU-675,181,53,199,2026-01-26
3652,MACH-95,SKU-497,207,2,12,2026-01-09
3813,MACH-87,SKU-742,378,288,439,2026-01-03
2561,MACH-98,SKU-868,391,29,223,2026-01-25
6645,MACH-51,SKU-229,483,452,105,2026-02-18
7981,MACH-81,SKU-335,188,7,322,2026-01-28
4068,MACH-92,SKU-157,214,118,374,2026-02-20
7563,MACH-19,SKU-269,159,149,39,2026-02-07
9490,MACH-86,SKU-316,235,181,115,2026-02-05
6174,MACH-72,SKU-038,371,185,214,2026-01-16
2639,MACH-01,SKU-514,24,8,178,2026-02-19
9072,MACH-04,SKU-841,438,313,34,2026-02-27
2157,MACH-07,SKU-638,354,202,120,2026-01-23
5856,MACH-30,SKU-146,25,4,468,2026-01-27
3653,MACH-44,SKU-233,551,448,83,2026-02-24
6798,MACH-20,SKU-711,16,12,396,2026-02-03
5283,MACH-87,SKU-064,380,308,390,2026-01-07
2096,MACH-57,SKU-448,40,33,308,2026-01-10
6631,MACH-36,SKU-892,38,20,416,2026-01-03
5318,MACH-43,SKU-524,420,391,96,2026-01-05
3400,MACH-35,SKU-857,248,232,355,2026-02-13
1382,MACH-04,SKU-934,428,80,222,2026-01-30
3309,MACH-94,SKU-309,253,249,451,2026-01-26
5581,MACH-27,SKU-364,321,115,475,2026-02-07
8792,MACH-81,SKU-111,532,306,478,2026-02-27
4127,MACH-61,SKU-611,12,5,239,2026-01-23
6552,MACH-81,SKU-852,158,120,263,2026-02-01
3445,MACH-27,SKU-975,37,16,62,2026-01-15
7152,MACH-40,SKU-105,217,57,95,2026-01-12
9637,MACH-82,SKU-495,322,135,281,2026-02-15
6509,MACH-77,SKU-428,314,287,172,2026-01-20
1013,MACH-87,SKU-178,2,1,282,2026-02-26
8191,MACH-55,SKU-143,90,37,124,2026-01-18
1703,MACH-52,SKU-647,348,339,213,2026-01-29
9565,MACH-68,SKU-989,293,78,430,2026-02-05
3679,MACH-00,SKU-683,28,26,409,2026-02-28
2257,MACH-39,SKU-247,32,26,317,2026-02-01
2025,MACH-01,SKU-718,91,17,158,2026-03-02
6347,MACH-82,SKU-058,280,280,44,2026-01-22
4578,MACH-48,SKU-184,561,177,149,2026-01-22
9535,MACH-84,SKU-930,450,276,115,2026-01-05
3360,MACH-16,SKU-365,357,316,79,2026-01-28
7196,MACH-59,SKU-752,0,0,11,2026-01-07
4093,MACH-13,SKU-339,501,352,83,2026-01-28
9227,MACH-07,SKU-153,93,92,299,2026-02-19
8995,MACH-43,SKU-091,1,0,263,2026-01-21
9894,MACH-75,SKU-458,454,8,185,2026-01-26
8137,MACH-61,SKU-259,120,7,323,2026-02-13
9580,MACH-89,SKU-939,452,356,466,2026-01-27
7239,MACH-57,SKU-290,501,321,318,2026-01-20
5291,MACH-65,SKU-017,536,174,126,2026-02-12
8824,MACH-90,SKU-426,163,134,479,2026-01-20
5438,MACH-11,SKU-421,195,73,419,2026-01-27
8437,MACH-19,SKU-046,138,81,338,2026-02-14
8998,MACH-64,SKU-282,248,248,75,2026-01-26
1760,MACH-10,SKU-532,400,21,143,2026-01-16
9706,MACH-09,SKU-415,117,6,250,2026-02-02
8513,MACH-34,SKU-157,363,290,82,2026-01-01
6810,MACH-18,SKU-367,7,5,255,2026-02-13
3844,MACH-91,SKU-038,51,51,277,2026-02-03
5810,MACH-30,SKU-133,35,10,446,2026-01-06
5034,MACH-98,SKU-154,7,0,303,2026-02-22
7522,MACH-75,SKU-729,355,30,286,2026-01-22
2389,MACH-52,SKU-324,320,181,112,2026-02-21
7690,MACH-53,SKU-409,448,27,71,2026-01-19
6051,MACH-14,SKU-666,397,42,435,2026-01-15
9739,MACH-02,SKU-957,39,12,420,2026-01-28
7951,MACH-44,SKU-112,183,43,134,2026-01-24
6505,MACH-19,SKU-349,415,406,453,2026-03-03
5346,MACH-40,SKU-474,128,62,149,2026-02-02
2148,MACH-37,SKU-408,74,58,221,2026-01-13
1191,MACH-05,SKU-088,282,104,461,2026-01-09
3453,MACH-62,SKU-088,20,16,110,2026-02-13
5934,MACH-69,SKU-446,381,9,68,2026-02-07
4551,MACH-99,SKU-927,276,63,194,2026-01-28
1021,MACH-38,SKU-909,138,123,17,2026-01-23
1466,MACH-68,SKU-164,499,371,35,2026-02-04
4167,MACH-38,SKU-817,470,350,32,2026-01-21
8504,MACH-20,SKU-472,526,395,427,2026-02-27
4412,MACH-34,SKU-823,492,285,159,2026-02-10
3342,MACH-60,SKU-379,182,48,129,2026-03-02
4751,MACH-53,SKU-750,50,30,209,2026-01-20
8121,MACH-96,SKU-131,240,125,449,2026-02-08
3683,MACH-82,SKU-148,155,150,394,2026-01-28
2821,MACH-90,SKU-999,423,207,317,2026-01-21
5955,MACH-96,SKU-731,529,364,173,2026-01-25
8529,MACH-92,SKU-300,255,96,384,2026-01-29
4934,MACH-94,SKU-410,257,102,11,2026-02-24
6514,MACH-70,SKU-033,253,251,315,2026-02-03
3722,MACH-48,SKU-851,491,233,296,2026-02-12
7804,MACH-09,SKU-353,369,170,148,2026-02-16
1103,MACH-07,SKU-673,163,53,55,2026-02-21
5192,MACH-36,SKU-507,205,57,108,2026-02-13
8830,MACH-92,SKU-445,562,103,341,2026-01-11
2344,MACH-91,SKU-215,340,119,257,2026-02-28
4356,MACH-98,SKU-557,250,6,82,2026-01-30
3335,MACH-31,SKU-874,536,246,283,2026-02-20
2479,MACH-27,SKU-864,527,105,40,2026-02-25
8002,MACH-87,SKU-781,258,3,366,2026-02-22
7637,MACH-78,SKU-608,519,62,139,2026-02-04
2044,MACH-82,SKU-753,120,86,68,2026-02-22
1299,MACH-53,SKU-585,380,39,77,2026-01-12
4461,MACH-77,SKU-930,472,60,275,2026-02-14
5419,MACH-00,SKU-580,315,97,37,2026-01-26
4845,MACH-85,SKU-900,398,186,271,2026-03-03
3259,MACH-87,SKU-722,10,6,182,2026-01-02
9403,MACH-66,SKU-302,542,222,477,2026-02-26
2204,MACH-69,SKU-890,522,512,374,2026-02-04
2326,MACH-68,SKU-101,268,106,150,2026-01-09
1363,MACH-68,SKU-338,409,294,244,2026-02-09
1136,MACH-50,SKU-004,201,70,94,2026-01-20
2265,MACH-13,SKU-871,49,26,115,2026-01-07
8551,MACH-26,SKU-442,331,31,263,2026-03-02
1479,MACH-84,SKU-623,453,409,480,2026-03-01
7816,MACH-94,SKU-167,303,107,417,2026-01-01
9430,MACH-93,SKU-268,524,470,108,2026-01-05
1054,MACH-81,SKU-217,224,158,191,2026-01-08
2850,MACH-42,SKU-774,264,227,32,2026-02-07
3582,MACH-61,SKU-215,324,162,314,2026-02-25
8029,MACH-57,SKU-903,420,74,280,2026-02-24
6477,MACH-00,SKU-695,161,147,161,2026-02-11
4853,MACH-32,SKU-492,437,358,10,2026-02-09
2391,MACH-32,SKU-261,382,17,80,2026-01-21
3015,MACH-14,SKU-934,262,106,231,2026-02-20
5807,MACH-92,SKU-334,191,142,390,2026-02-23
7776,MACH-32,SKU-232,17,3,406,2026-01-25
1647,MACH-84,SKU-885,278,190,135,2026-01-28
7755,MACH-21,SKU-726,431,22,470,2026-01-24
2997,MACH-34,SKU-132,442,222,293,2026-02-16
2547,MACH-86,SKU-196,47,14,378,2026-02-11
4842,MACH-67,SKU-025,239,234,138,2026-01-27
8170,MACH-16,SKU-623,147,70,430,2026-01-14
5360,MACH-67,SKU-492,215,117,462,2026-02-07
6087,MACH-77,SKU-245,359,277,121,2026-01-01
9695,MACH-85,SKU-012,293,37,30,2026-01-11
5694,MACH-26,SKU-269,440,53,453,2026-01-12
5248,MACH-58,SKU-403,225,51,390,2026-01-09
3130,MACH-77,SKU-727,371,17,333,2026-03-02
4180,MACH-10,SKU-610,526,499,333,2026-02-03
1184,MACH-77,SKU-269,374,364,114,2026-01-02
3021,MACH-07,SKU-323,20,14,103,2026-01-10
6290,MACH-62,SKU-792,286,82,348,2026-02-28
8704,MACH-25,SKU-927,94,29,148,2026-02-25
5547,MACH-73,SKU-962,438,192,55,2026-01-06
2245,MACH-67,SKU-850,408,291,117,2026-02-27
1252,MACH-77,SKU-898,142,68,49,2026-02-14
1985,MACH-50,SKU-278,472,229,357,2026-02-15
1394,MACH-08,SKU-827,79,44,88,2026-01-17
5540,MACH-37,SKU-014,67,35,68,2026-03-02
4324,MACH-27,SKU-966,498,468,96,2026-01-29
5985,MACH-54,SKU-781,84,45,447,2026-02-15
4525,MACH-00,SKU-819,367,363,431,2026-02-23
4651,MACH-91,SKU-476,143,36,383,2026-02-20
3616,MACH-02,SKU-003,39,15,170,2026-01-13
7357,MACH-82,SKU-382,255,204,42,2026-02-07
8396,MACH-58,SKU-879,222,125,1,2026-01-11
2246,MACH-16,SKU-985,93,75,408,2026-01-18
3634,MACH-63,SKU-509,238,153,271,2026-01-29
7439,MACH-96,SKU-813,168,87,175,2026-02-28
9218,MACH-84,SKU-290,102,7,178,2026-01-11
6045,MACH-89,SKU-180,254,134,20,2026-02-14
7665,MACH-04,SKU-210,387,111,267,2026-02-22
8706,MACH-44,SKU-547,67,59,237,2026-01-16
7554,MACH-88,SKU-407,4,4,478,2026-01-02
5779,MACH-72,SKU-367,447,55,160,2026-01-30
4856,MACH-59,SKU-425,189,122,237,2026-01-12
1650,MACH-80,SKU-555,62,9,134,2026-02-22
7647,MACH-08,SKU-488,483,288,106,2026-01-25
1973,MACH-47,SKU-843,359,217,176,2026-02-05
8424,MACH-50,SKU-930,158,143,6,2026-02-02
8199,MACH-82,SKU-913,94,37,416,2026-02-08
3950,MACH-74,SKU-050,280,258,189,2026-02-13
6929,MACH-03,SKU-230,288,130,394,2026-02-02
4051,MACH-19,SKU-852,336,335,215,2026-01-26
8138,MACH-54,SKU-702,437,427,37,2026-01-21
1514,MACH-01,SKU-569,564,510,275,2026-01-13
9208,MACH-06,SKU-033,471,266,165,2026-01-21
1894,MACH-14,SKU-522,96,23,369,2026-01-30
9785,MACH-63,SKU-286,285,29,55,2026-01-10
5900,MACH-59,SKU-237,409,391,342,2026-01-15
2166,MACH-56,SKU-269,257,63,254,2026-02-21
8339,MACH-99,SKU-385,427,112,338,2026-01-19
3714,MACH-26,SKU-584,439,291,202,2026-01-09
1752,MACH-74,SKU-201,399,329,425,2026-01-10
9186,MACH-69,SKU-465,554,423,459,2026-02-17
3087,MACH-58,SKU-771,153,112,424,2026-03-03
6692,MACH-90,SKU-280,142,63,210,2026-01-09
1249,MACH-12,SKU-852,87,0,83,2026-02-08
8179,MACH-51,SKU-791,455,26,31,2026-02-03
2766,MACH-63,SKU-809,124,35,10,2026-01-26
2840,MACH-33,SKU-301,488,15,215,2026-02-02
3930,MACH-01,SKU-482,396,103,141,2026-02-06
2634,MACH-33,SKU-241,536,55,238,2026-02-04
8026,MACH-22,SKU-669,537,105,278,2026-01-06
1173,MACH-21,SKU-022,534,523,125,2026-01-07
7356,MACH-83,SKU-993,424,92,333,2026-02-20
2744,MACH-43,SKU-546,189,103,91,2026-01-21
1554,MACH-57,SKU-306,363,34,116,2026-02-06
5800,MACH-46,SKU-761,160,33,418,2026-01-25
4625,MACH-46,SKU-270,171,135,273,2026-02-14
6989,MACH-15,SKU-834,476,325,470,2026-02-22
8631,MACH-12,SKU-763,458,255,456,2026-02-24
6494,MACH-11,SKU-599,49,29,363,2026-01-24
4163,MACH-45,SKU-528,67,26,442,2026-01-22
7687,MACH-32,SKU-329,102,4,281,2026-03-01
4249,MACH-79,SKU-703,90,19,399,2026-02-25
7396,MACH-96,SKU-924,131,2,398,2026-01-30
6123,MACH-23,SKU-591,415,87,191,2026-02-20
1398,MACH-30,SKU-724,309,264,171,2026-03-03
5326,MACH-47,SKU-562,352,77,205,2026-02-17
7773,MACH-55,SKU-308,434,327,235,2026-01-08
3949,MACH-80,SKU-118,518,127,75,2026-02-28
1303,MACH-68,SKU-791,453,329,67,2026-01-18
3231,MACH-29,SKU-694,183,133,53,2026-01-08
5558,MACH-01,SKU-391,360,140,423,2026-01-16
5971,MACH-81,SKU-054,211,66,399,2026-01-12
7745,MACH-14,SKU-249,418,88,123,2026-01-02
1790,MACH-46,SKU-178,409,132,250,2026-02-13
3475,MACH-13,SKU-591,422,263,394,2026-01-20
8442,MACH-97,SKU-990,131,34,209,2026-01-20
4339,MACH-52,SKU-278,500,300,40,2026-01-01
7658,MACH-90,SKU-450,139,1,384,2026-02-28
9155,MACH-25,SKU-344,434,266,331,2026-02-05
3772,MACH-52,SKU-538,272,224,332,2026-02-08
3044,MACH-81,SKU-954,155,139,461,2026-02-27
8475,MACH-15,SKU-773,402,30,72,2026-03-01
4385,MACH-01,SKU-655,45,21,181,2026-02-18
6558,MACH-64,SKU-976,64,33,191,2026-01-20
8220,MACH-66,SKU-827,251,113,287,2026-02-24
9485,MACH-15,SKU-530,149,133,468,2026-01-14
7818,MACH-47,SKU-319,348,91,130,2026-02-07
3490,MACH-77,SKU-761,182,160,320,2026-01-21
7254,MACH-93,SKU-146,540,53,321,2026-02-15
3319,MACH-06,SKU-260,20,8,387,2026-02-24
7749,MACH-28,SKU-188,99,55,73,2026-02-02
2954,MACH-55,SKU-789,499,88,83,2026-02-07
1185,MACH-35,SKU-964,281,165,134,2026-02-08
6209,MACH-41,SKU-496,55,51,68,2026-01-05
6855,MACH-08,SKU-418,445,433,453,2026-01-06
9029,MACH-91,SKU-771,78,25,119,2026-02-16
5486,MACH-36,SKU-926,551,85,159,2026-01-20
7328,MACH-66,SKU-341,311,221,128,2026-02-16
8018,MACH-82,SKU-324,184,41,158,2026-02-01
6128,MACH-11,SKU-643,250,211,181,2026-01-18
1497,MACH-38,SKU-578,518,70,198,2026-02-09
9787,MACH-53,SKU-775,157,142,348,2026-02-14
6657,MACH-20,SKU-219,143,26,235,2026-03-01
9935,MACH-74,SKU-872,159,8,288,2026-01-18
1986,MACH-93,SKU-827,217,194,17,2026-03-01
2697,MACH-30,SKU-109,392,327,328,2026-01-19
1126,MACH-59,SKU-657,509,424,264,2026-01-27
5145,MACH-07,SKU-050,373,11,469,2026-01-05
9993,MACH-05,SKU-587,505,16,228,2026-01-02
3186,MACH-75,SKU-639,349,139,440,2026-02-21
1347,MACH-74,SKU-869,265,73,24,2026-01-18
9990,MACH-72,SKU-492,466,88,66,2026-01-04
5391,MACH-36,SKU-408,285,261,134,2026-01-29
9270,MACH-78,SKU-348,301,156,129,2026-01-19
8576,MACH-27,SKU-726,180,113,471,2026-01-02
7103,MACH-10,SKU-851,117,46,376,2026-02-16
1997,MACH-60,SKU-386,491,475,438,2026-01-31
6286,MACH-49,SKU-768,531,59,192,2026-02-21
6894,MACH-91,SKU-571,399,357,223,2026-01-09
4571,MACH-82,SKU-416,457,225,125,2026-01-05
4199,MACH-38,SKU-608,79,23,41,2026-01-16
1476,MACH-01,SKU-122,488,107,480,2026-02-12
8062,MACH-26,SKU-889,372,51,251,2026-02-14
3255,MACH-87,SKU-643,196,103,79,2026-02-09
9056,MACH-74,SKU-662,138,118,389,2026-01-28
6490,MACH-17,SKU-962,93,37,21,2026-02-08
4599,MACH-55,SKU-666,339,279,53,2026-01-15
2940,MACH-33,SKU-695,77,14,314,2026-01-02
7952,MACH-40,SKU-171,313,30,198,2026-01-26
8397,MACH-16,SKU-747,259,68,299,2026-01-26
3072,MACH-38,SKU-740,130,74,221,2026-01-25
5926,MACH-89,SKU-375,305,3,75,2026-02-03
7443,MACH-98,SKU-253,52,10,51,2026-02-06
7750,MACH-66,SKU-017,535,300,158,2026-02-06
1817,MACH-90,SKU-962,93,34,437,2026-02-20
9666,MACH-31,SKU-800,488,32,2,2026-02-02
5687,MACH-19,SKU-030,411,403,217,2026-02-15
2061,MACH-99,SKU-637,375,39,454,2026-01-04
3544,MACH-33,SKU-721,107,96,46,2026-02-06
3480,MACH-22,SKU-189,97,34,152,2026-01-08
6688,MACH-19,SKU-900,481,94,207,2026-02-17
9856,MACH-10,SKU-769,307,262,123,2026-01-22
7018,MACH-68,SKU-968,86,26,169,2026-01-08
9304,MACH-40,SKU-077,428,376,468,2026-02-28
5078,MACH-25,SKU-716,551,234,297,2026-01-30
5208,MACH-68,SKU-155,324,114,145,2026-01-03
2260,MACH-26,SKU-045,178,119,15,2026-02-08
8668,MACH-27,SKU-889,104,53,372,2026-01-17
6039,MACH-62,SKU-547,111,42,21,2026-01-18
2719,MACH-49,SKU-001,398,88,20,2026-02-08
7959,MACH-58,SKU-516,322,113,117,2026-01-08
6152,MACH-96,SKU-231,229,155,72,2026-01-25
6070,MACH-88,SKU-720,331,135,8,2026-01-02
4798,MACH-63,SKU-196,276,42,137,2026-02-11
6310,MACH-82,SKU-331,469,452,430,2026-02-19
2982,MACH-69,SKU-159,180,53,104,2026-02-17
3664,MACH-61,SKU-883,368,198,177,2026-01-27
7207,MACH-74,SKU-739,54,51,113,2026-01-28
8546,MACH-16,SKU-508,376,162,23,2026-01-11
9022,MACH-46,SKU-543,205,129,391,2026-01-19
3531,MACH-35,SKU-632,39,1,421,2026-01-13
7181,MACH-98,SKU-939,415,122,159,2026-01-01
9779,MACH-15,SKU-639,435,324,474,2026-02-09
7781,MACH-66,SKU-317,150,140,474,2026-01-04
9322,MACH-79,SKU-213,355,323,424,2026-01-27
1654,MACH-20,SKU-227,56,5,165,2026-01-15
7125,MACH-00,SKU-706,398,226,126,2026-01-13
7973,MACH-23,SKU-931,476,155,231,2026-01-07
6835,MACH-84,SKU-772,484,346,54,2026-01-07
8649,MACH-08,SKU-094,86,60,253,2026-01-09
2795,MACH-19,SKU-933,175,168,214,2026-01-26
8479,MACH-32,SKU-650,57,48,321,2026-01-15
3276,MACH-95,SKU-141,308,120,40,2026-01-02
7917,MACH-37,SKU-364,330,169,411,2026-02-25
4743,MACH-92,SKU-432,85,77,11,2026-02-21
4665,MACH-85,SKU-386,287,206,329,2026-02-08
5427,MACH-08,SKU-469,336,169,105,2026-01-03
9797,MACH-53,SKU-813,458,159,35,2026-01-05
8031,MACH-54,SKU-006,52,19,211,2026-02-01
2037,MACH-89,SKU-370,71,20,322,2026-02-11
6833,MACH-71,SKU-838,547,462,98,2026-02-18
4562,MACH-65,SKU-070,415,161,360,2026-01-03
5363,MACH-77,SKU-395,366,365,444,2026-02-09
4391,MACH-03,SKU-187,480,357,53,2026-01-07
4435,MACH-30,SKU-206,229,211,103,2026-03-03
1546,MACH-01,SKU-170,68,14,169,2026-03-02
7428,MACH-82,SKU-377,285,127,58,2026-01-03
3984,MACH-79,SKU-386,485,345,146,2026-02-04
6281,MACH-92,SKU-922,404,147,215,2026-02-01
4173,MACH-43,SKU-375,547,502,353,2026-01-26
1153,MACH-87,SKU-651,260,130,10,2026-02-16
5408,MACH-15,SKU-483,152,129,120,2026-01-01
8931,MACH-80,SKU-199,15,6,297,2026-01-13
6125,MACH-15,SKU-978,318,272,188,2026-02-18
1341,MACH-78,SKU-353,459,330,57,2026-01-18
6803,MACH-75,SKU-268,507,136,478,2026-01-25
1763,MACH-35,SKU-518,408,95,166,2026-01-31
1965,MACH-26,SKU-784,233,212,359,2026-02-05
4708,MACH-84,SKU-442,195,117,407,2026-02-12
9957,MACH-04,SKU-552,547,34,334,2026-02-16
7780,MACH-92,SKU-496,224,159,29,2026-02-10
8992,MACH-56,SKU-290,256,113,268,2026-01-28
6478,MACH-54,SKU-380,149,72,132,2026-01-27
9689,MACH-38,SKU-595,420,70,179,2026-02-16
3080,MACH-85,SKU-633,451,42,39,2026-01-23
1336,MACH-66,SKU-725,169,144,381,2026-01-20
1905,MACH-00,SKU-635,321,250,468,2026-01-30
2760,MACH-21,SKU-967,209,84,432,2026-01-18
4073,MACH-78,SKU-793,420,110,217,2026-01-03
5660,MACH-97,SKU-399,147,129,150,2026-03-03
1221,MACH-18,SKU-996,457,80,38,2026-01-15
1244,MACH-43,SKU-150,173,7,286,2026-01-17
8003,MACH-90,SKU-290,93,80,219,2026-01-15
8580,MACH-67,SKU-309,458,59,158,2026-02-23
5589,MACH-12,SKU-749,539,17,248,2026-02-18
1682,MACH-54,SKU-505,374,140,284,2026-02-03
5423,MACH-84,SKU-951,515,473,314,2026-01-19
6467,MACH-02,SKU-737,337,266,252,2026-02-15
2352,MACH-16,SKU-619,550,72,9,2026-02-06
5699,MACH-52,SKU-249,537,420,192,2026-01-07
8810,MACH-05,SKU-485,273,168,222,2026-02-01
2016,MACH-62,SKU-191,387,312,12,2026-01-27
3557,MACH-87,SKU-313,330,226,162,2026-02-28
9385,MACH-94,SKU-832,229,19,440,2026-02-24
6322,MACH-86,SKU-668,362,123,256,2026-03-03
2498,MACH-94,SKU-275,178,146,290,2026-03-02
1300,MACH-57,SKU-278,429,78,227,2026-02-11
6606,MACH-71,SKU-311,492,375,40,2026-01-29
9838,MACH-41,SKU-132,503,56,409,2026-02-09
4311,MACH-79,SKU-529,205,40,143,2026-02-20
1326,MACH-73,SKU-530,503,62,328,2026-02-26
7684,MACH-60,SKU-895,71,66,340,2026-02-20
4429,MACH-62,SKU-470,180,37,228,2026-01-10
2255,MACH-00,SKU-262,461,19,378,2026-02-09
9496,MACH-52,SKU-487,241,68,297,2026-01-25
2625,MACH-67,SKU-375,451,2,53,2026-01-21
8728,MACH-40,SKU-753,241,25,108,2026-01-06
9640,MACH-54,SKU-179,290,99,223,2026-01-03
7888,MACH-15,SKU-662,15,15,19,2026-02-22
4250,MACH-15,SKU-892,37,17,268,2026-01-13
8010,MACH-85,SKU-831,382,270,155,2026-02-26
9937,MACH-03,SKU-835,145,102,138,2026-01-14
7799,MACH-97,SKU-517,533,150,168,2026-01-01
5257,MACH-75,SKU-443,480,100,448,2026-01-25
2882,MACH-79,SKU-047,250,235,476,2026-01-14
7421,MACH-81,SKU-925,129,4,448,2026-01-21
5180,MACH-52,SKU-531,193,125,183,2026-02-24
6549,MACH-59,SKU-283,93,22,169,2026-01-23
3415,MACH-78,SKU-412,465,387,470,2026-01-29
6441,MACH-92,SKU-362,354,74,0,2026-01-16
7042,MACH-16,SKU-839,336,106,377,2026-02-20
7769,MACH-87,SKU-737,385,226,285,2026-03-03
6980,MACH-84,SKU-288,517,251,465,2026-02-06
1340,MACH-11,SKU-999,133,99,158,2026-01-22
2747,MACH-80,SKU-185,315,120,51,2026-02-16
1891,MACH-42,SKU-927,350,281,137,2026-01-04
2680,MACH-84,SKU-432,125,105,70,2026-01-21
8889,MACH-46,SKU-019,287,64,68,2026-01-17
3851,MACH-74,SKU-545,541,521,112,2026-02-23
6943,MACH-37,SKU-266,447,247,341,2026-02-18
6165,MACH-12,SKU-488,72,29,366,2026-01-02
2998,MACH-25,SKU-463,78,40,29,2026-02-21
1795,MACH-22,SKU-120,106,70,246,2026-01-12
3971,MACH-86,SKU-052,413,349,169,2026-01-23
8445,MACH-03,SKU-692,284,33,348,2026-01-24
2018,MACH-25,SKU-873,334,51,304,2026-03-01
3129,MACH-69,SKU-169,353,317,337,2026-01-25
9254,MACH-13,SKU-336,457,228,422,2026-02-07
9590,MACH-85,SKU-719,170,110,164,2026-01-26
2849,MACH-87,SKU-561,446,266,58,2026-01-24
9113,MACH-86,SKU-726,172,129,153,2026-01-19
9434,MACH-66,SKU-863,46,25,142,2026-02-06
3491,MACH-24,SKU-415,317,119,157,2026-02-23
8949,MACH-45,SKU-703,491,260,224,2026-01-13
8208,MACH-80,SKU-864,320,12,416,2026-01-19
2654,MACH-43,SKU-259,254,213,163,2026-03-03
3488,MACH-02,SKU-111,352,268,211,2026-02-16
8539,MACH-64,SKU-551,47,24,126,2026-02-09
4019,MACH-40,SKU-197,273,155,479,2026-01-15
5787,MACH-87,SKU-423,216,67,419,2026-01-19
4926,MACH-80,SKU-128,555,71,228,2026-01-22
2541,MACH-58,SKU-130,152,151,336,2026-02-12
7213,MACH-70,SKU-219,83,60,269,2026-01-31
4123,MACH-42,SKU-382,28,9,358,2026-01-02
8837,MACH-49,SKU-208,207,50,200,2026-01-14
3238,MACH-46,SKU-593,471,413,2,2026-02-24
9001,MACH-10,SKU-484,503,453,209,2026-02-09
7249,MACH-42,SKU-116,75,30,185,2026-01-15
2567,MACH-75,SKU-693,314,265,183,2026-03-02
1742,MACH-51,SKU-836,337,149,206,2026-01-07
6795,MACH-89,SKU-677,131,90,302,2026-01-23
5723,MACH-93,SKU-496,440,261,308,2026-01-27
4318,MACH-94,SKU-305,283,177,32,2026-02-18
8469,MACH-52,SKU-297,86,39,30,2026-01-20
2292,MACH-52,SKU-343,200,140,86,2026-02-19
1164,MACH-28,SKU-251,553,389,88,2026-01-06
4510,MACH-87,SKU-380,398,32,331,2026-02-07
9334,MACH-74,SKU-361,346,92,389,2026-02-09
1561,MACH-77,SKU-926,478,260,360,2026-01-25
6064,MACH-35,SKU-426,195,189,51,2026-01-02
2712,MACH-54,SKU-624,453,148,331,2026-02-09
9700,MACH-19,SKU-760,319,180,212,2026-01-16
2216,MACH-70,SKU-296,495,177,258,2026-01-21
9975,MACH-02,SKU-771,370,53,135,2026-02-24
5720,MACH-94,SKU-363,64,57,473,2026-01-31
6243,MACH-02,SKU-160,349,183,448,2026-01-21
5130,MACH-13,SKU-331,76,44,211,2026-01-15
4116,MACH-33,SKU-840,133,33,25,2026-01-28
7957,MACH-80,SKU-510,428,96,168,2026-02-20
8677,MACH-97,SKU-435,147,119,339,2026-02-09
1804,MACH-82,SKU-218,435,393,7,2026-02-21
1918,MACH-10,SKU-868,206,110,94,2026-01-15
3207,MACH-39,SKU-357,55,35,385,2026-01-15
4826,MACH-25,SKU-873,29,19,471,2026-01-20
1974,MACH-31,SKU-219,343,258,116,2026-02-01
6092,MACH-04,SKU-149,273,17,62,2026-02-10
9107,MACH-27,SKU-178,428,163,67,2026-01-24
2715,MACH-52,SKU-782,214,149,347,2026-02-16
8602,MACH-54,SKU-690,318,48,93,2026-01-10
2543,MACH-32,SKU-973,245,15,471,2026-02-24
3532,MACH-15,SKU-742,157,40,392,2026-02-10
9568,MACH-55,SKU-948,108,51,334,2026-02-19
4938,MACH-12,SKU-664,96,70,201,2026-02-13
9271,MACH-67,SKU-486,563,352,304,2026-01-01
2386,MACH-35,SKU-354,328,181,286,2026-02-17
5435,MACH-26,SKU-787,381,12,196,2026-02-11
6024,MACH-86,SKU-758,449,38,160,2026-02-22
6956,MACH-65,SKU-505,195,45,203,2026-02-05
6660,MACH-29,SKU-171,237,77,61,2026-01-19
5412,MACH-48,SKU-266,478,392,165,2026-01-02
5196,MACH-92,SKU-677,531,221,363,2026-02-21
2188,MACH-24,SKU-240,496,330,126,2026-01-30
6483,MACH-23,SKU-624,127,60,360,2026-02-01
6800,MACH-52,SKU-231,369,57,69,2026-02-10
6816,MACH-52,SKU-506,260,148,124,2026-02-06
4010,MACH-89,SKU-915,167,63,428,2026-02-24
5324,MACH-81,SKU-985,11,8,386,2026-02-22
5793,MACH-74,SKU-546,441,238,16,2026-02-06
2358,MACH-42,SKU-085,221,8,448,2026-02-03
1086,MACH-78,SKU-922,16,11,242,2026-01-24
6870,MACH-75,SKU-590,44,26,290,2026-01-19
4363,MACH-07,SKU-270,119,37,177,2026-01-05
2029,MACH-96,SKU-506,211,41,89,2026-01-17
1330,MACH-33,SKU-712,340,230,472,2026-02-13
2742,MACH-14,SKU-002,560,281,169,2026-02-21
5087,MACH-95,SKU-795,309,72,139,2026-02-10
7175,MACH-51,SKU-907,80,22,461,2026-02-14
4568,MACH-63,SKU-205,375,128,259,2026-02-04
6250,MACH-28,SKU-039,503,0,33,2026-02-21
5712,MACH-81,SKU-864,135,91,315,2026-01-15
3730,MACH-90,SKU-714,24,11,347,2026-02-26
4776,MACH-69,SKU-958,18,2,59,2026-02-01
1574,MACH-42,SKU-822,190,111,414,2026-02-19
9731,MACH-16,SKU-816,425,278,93,2026-01-11
3848,MACH-76,SKU-014,118,81,205,2026-01-14
4893,MACH-48,SKU-387,302,165,400,2026-02-08
6488,MACH-44,SKU-212,514,306,432,2026-01-19
8004,MACH-10,SKU-452,236,168,245,2026-01-12
6314,MACH-61,SKU-478,130,113,52,2026-02-04
9470,MACH-00,SKU-056,410,241,7,2026-01-19
7378,MACH-22,SKU-139,126,11,102,2026-01-09
3783,MACH-64,SKU-077,405,310,28,2026-02-15
3893,MACH-89,SKU-480,144,127,161,2026-01-01
2935,MACH-47,SKU-851,68,6,425,2026-02-01
1539,MACH-05,SKU-781,376,167,258,2026-03-02
1810,MACH-06,SKU-512,527,115,241,2026-01-18
2124,MACH-07,SKU-279,338,214,101,2026-01-20
5661,MACH-91,SKU-259,91,5,473,2026-02-20
2765,MACH-05,SKU-456,361,19,163,2026-01-06
7067,MACH-77,SKU-546,155,124,207,2026-02-18
6066,MACH-40,SKU-838,130,72,43,2026-02-27
2947,MACH-95,SKU-827,470,132,234,2026-02-04
5537,MACH-05,SKU-051,148,139,217,2026-02-23
3256,MACH-21,SKU-219,172,130,197,2026-02-28
9694,MACH-70,SKU-733,39,13,332,2026-02-23
9516,MACH-52,SKU-153,361,12,18,2026-02-06
9790,MACH-37,SKU-175,213,138,232,2026-03-02
3943,MACH-49,SKU-838,222,194,359,2026-02-16
5667,MACH-24,SKU-069,548,394,223,2026-02-26
5325,MACH-15,SKU-979,254,164,295,2026-01-10
7590,MACH-76,SKU-782,8,4,280,2026-01-21
9346,MACH-82,SKU-173,206,23,438,2026-01-10
4636,MACH-26,SKU-272,259,173,168,2026-02-02
7570,MACH-69,SKU-164,497,132,263,2026-01-06
8695,MACH-53,SKU-319,109,6,387,2026-02-25
2929,MACH-35,SKU-534,230,91,141,2026-02-07
7581,MACH-15,SKU-336,512,446,131,2026-02-16
7652,MACH-91,SKU-616,142,70,402,2026-02-28
9622,MACH-80,SKU-921,304,133,112,2026-02-28
6858,MACH-40,SKU-607,382,12,223,2026-02-12
9211,MACH-28,SKU-219,390,319,147,2026-02-10
3290,MACH-93,SKU-364,10,9,85,2026-01-03
1589,MACH-54,SKU-994,190,109,449,2026-01-17
2792,MACH-48,SKU-020,166,9,261,2026-01-16
1731,MACH-29,SKU-037,347,254,402,2026-02-06
9156,MACH-89,SKU-233,264,25,305,2026-01-24
8831,MACH-23,SKU-237,58,35,462,2026-02-08
1998,MACH-18,SKU-107,158,67,261,2026-01-05
2921,MACH-38,SKU-543,123,122,139,2026-01-31
1472,MACH-27,SKU-871,195,14,81,2026-02-28
1523,MACH-82,SKU-114,210,119,224,2026-01-07
3242,MACH-65,SKU-309,449,406,185,2026-01-15
7292,MACH-16,SKU-184,120,73,127,2026-02-03
5763,MACH-61,SKU-230,510,493,156,2026-01-06
4744,MACH-61,SKU-725,117,103,387,2026-02-24
7082,MACH-24,SKU-501,134,81,124,2026-01-27
7761,MACH-27,SKU-561,358,55,0,2026-03-02
3735,MACH-21,SKU-551,249,221,463,2026-01-14
7271,MACH-26,SKU-676,395,136,332,2026-01-17
5406,MACH-55,SKU-536,503,441,140,2026-01-25
8482,MACH-86,SKU-743,552,19,276,2026-02-17
5895,MACH-64,SKU-545,531,60,66,2026-01-31
6037,MACH-67,SKU-601,496,492,288,2026-01-05
7126,MACH-85,SKU-202,263,131,294,2026-02-20
8498,MACH-48,SKU-927,100,31,16,2026-03-01
5287,MACH-68,SKU-474,212,12,63,2026-02-22
3842,MACH-38,SKU-411,255,152,153,2026-02-25
1223,MACH-20,SKU-134,18,7,437,2026-02-21
7792,MACH-05,SKU-412,238,13,70,2026-02-11
9919,MACH-66,SKU-274,97,39,59,2026-02-02
9366,MACH-33,SKU-750,237,124,86,2026-02-19
2847,MACH-75,SKU-747,467,61,147,2026-01-19
9160,MACH-61,SKU-475,302,162,455,2026-02-28
9826,MACH-56,SKU-905,468,276,360,2026-02-21
3873,MACH-15,SKU-540,512,65,163,2026-01-24
5293,MACH-77,SKU-467,388,36,371,2026-01-05
1438,MACH-96,SKU-508,407,248,304,2026-01-31
4035,MACH-29,SKU-328,246,15,475,2026-02-01
9236,MACH-97,SKU-644,47,34,151,2026-01-30
4886,MACH-20,SKU-953,155,30,47,2026-01-16
5811,MACH-23,SKU-196,31,28,128,2026-01-22
2962,MACH-76,SKU-817,153,112,16,2026-02-10
9512,MACH-91,SKU-315,453,90,190,2026-02-21
4478,MACH-71,SKU-787,201,162,245,2026-01-22
2231,MACH-53,SKU-986,459,48,46,2026-01-16
4768,MACH-76,SKU-697,146,32,325,2026-01-18
7580,MACH-62,SKU-331,437,253,56,2026-02-21
6831,MACH-58,SKU-212,214,145,368,2026-02-01
3729,MACH-73,SKU-305,237,108,387,2026-02-13
8017,MACH-51,SKU-712,142,22,460,2026-02-02
1883,MACH-32,SKU-483,548,145,473,2026-02-15
1904,MACH-38,SKU-861,490,91,325,2026-02-26
7788,MACH-51,SKU-556,321,141,403,2026-02-23
9129,MACH-20,SKU-353,542,428,206,2026-02-06
3758,MACH-21,SKU-181,7,1,6,2026-01-04
2529,MACH-79,SKU-594,37,9,313,2026-02-14
3363,MACH-23,SKU-285,354,237,284,2026-02-13
5351,MACH-74,SKU-217,273,80,231,2026-01-24
4716,MACH-67,SKU-677,358,182,167,2026-02-26
8124,MACH-43,SKU-055,515,264,273,2026-01-31
1615,MACH-32,SKU-099,88,9,130,2026-02-02
1329,MACH-46,SKU-650,532,73,167,2026-02-26
9522,MACH-82,SKU-678,159,58,475,2026-01-26
3434,MACH-09,SKU-242,101,38,141,2026-01-18
8778,MACH-23,SKU-147,395,380,253,2026-01-24
3868,MACH-14,SKU-286,214,183,83,2026-01-10
9961,MACH-03,SKU-212,327,174,310,2026-02-21
1773,MACH-24,SKU-618,20,8,158,2026-01-10
5064,MACH-79,SKU-429,54,26,46,2026-02-08
3222,MACH-01,SKU-632,36,28,291,2026-01-21
3169,MACH-40,SKU-135,352,115,350,2026-02-09
2807,MACH-73,SKU-421,526,221,78,2026-01-08
8096,MACH-68,SKU-156,546,315,47,2026-01-29
8059,MACH-25,SKU-347,388,286,420,2026-01-09
3449,MACH-85,SKU-712,141,137,102,2026-02-06
4049,MACH-42,SKU-892,472,177,434,2026-01-01
7157,MACH-61,SKU-876,512,352,89,2026-02-04
1486,MACH-11,SKU-796,428,182,108,2026-02-11
3962,MACH-91,SKU-621,387,270,323,2026-01-27
4932,MACH-12,SKU-289,112,75,322,2026-02-02
5214,MACH-24,SKU-689,557,83,285,2026-01-15
8434,MACH-50,SKU-830,276,22,437,2026-01-14
5312,MACH-63,SKU-613,193,77,128,2026-03-01
9915,MACH-01,SKU-275,374,12,311,2026-01-10
9740,MACH-12,SKU-247,172,152,447,2026-02-23
5595,MACH-12,SKU-110,48,13,25,2026-02-03
9057,MACH-23,SKU-854,437,74,176,2026-01-10
9383,MACH-29,SKU-648,149,42,121,2026-02-05
9078,MACH-70,SKU-782,8,5,291,2026-01-03
4668,MACH-65,SKU-674,72,33,433,2026-01-25
3528,MACH-90,SKU-898,367,340,293,2026-01-13
3840,MACH-32,SKU-319,457,225,317,2026-02-01
2752,MACH-39,SKU-171,538,184,287,2026-01-11
9885,MACH-01,SKU-118,390,358,161,2026-02-02
6207,MACH-20,SKU-602,96,15,292,2026-02-15
6500,MACH-23,SKU-312,517,230,402,2026-01-30
4542,MACH-96,SKU-028,546,245,95,2026-03-02
4364,MACH-36,SKU-077,172,22,472,2026-02-16
3201,MACH-64,SKU-782,397,234,281,2026-01-22
2670,MACH-73,SKU-878,512,385,270,2026-02-26
1588,MACH-48,SKU-334,197,174,311,2026-02-10
5284,MACH-12,SKU-774,559,447,460,2026-02-20
5090,MACH-85,SKU-540,96,69,269,2026-01-24
